-- MySQL dump 10.13  Distrib 8.4.6, for Linux (x86_64)
--
-- Host: localhost    Database: school_management
-- ------------------------------------------------------
-- Server version	8.4.6-0ubuntu0.25.04.1

/*!40101 SET @OLD_CHARACTER_SET_CLIENT=@@CHARACTER_SET_CLIENT */;
/*!40101 SET @OLD_CHARACTER_SET_RESULTS=@@CHARACTER_SET_RESULTS */;
/*!40101 SET @OLD_COLLATION_CONNECTION=@@COLLATION_CONNECTION */;
/*!50503 SET NAMES utf8mb4 */;
/*!40103 SET @OLD_TIME_ZONE=@@TIME_ZONE */;
/*!40103 SET TIME_ZONE='+00:00' */;
/*!40014 SET @OLD_UNIQUE_CHECKS=@@UNIQUE_CHECKS, UNIQUE_CHECKS=0 */;
/*!40014 SET @OLD_FOREIGN_KEY_CHECKS=@@FOREIGN_KEY_CHECKS, FOREIGN_KEY_CHECKS=0 */;
/*!40101 SET @OLD_SQL_MODE=@@SQL_MODE, SQL_MODE='NO_AUTO_VALUE_ON_ZERO' */;
/*!40111 SET @OLD_SQL_NOTES=@@SQL_NOTES, SQL_NOTES=0 */;

--
-- Table structure for table `Classes`
--

DROP TABLE IF EXISTS `Classes`;
/*!40101 SET @saved_cs_client     = @@character_set_client */;
/*!50503 SET character_set_client = utf8mb4 */;
CREATE TABLE `Classes` (
  `class_id` int NOT NULL AUTO_INCREMENT COMMENT 'Primary Key',
  `class_name` varchar(255) DEFAULT NULL,
  PRIMARY KEY (`class_id`)
) ENGINE=InnoDB AUTO_INCREMENT=13 DEFAULT CHARSET=utf8mb4 COLLATE=utf8mb4_0900_ai_ci;
/*!40101 SET character_set_client = @saved_cs_client */;

--
-- Dumping data for table `Classes`
--

LOCK TABLES `Classes` WRITE;
/*!40000 ALTER TABLE `Classes` DISABLE KEYS */;
INSERT INTO `Classes` VALUES (1,'高三1班'),(2,'高三2班'),(3,'高三3班'),(4,'高三4班'),(5,'高三5班'),(6,'高三6班'),(7,'高三7班'),(8,'高三8班'),(9,'高三9班'),(10,'高三10班'),(11,'高三11班'),(12,'高三12班');
/*!40000 ALTER TABLE `Classes` ENABLE KEYS */;
UNLOCK TABLES;

--
-- Table structure for table `ExamTypes`
--

DROP TABLE IF EXISTS `ExamTypes`;
/*!40101 SET @saved_cs_client     = @@character_set_client */;
/*!50503 SET character_set_client = utf8mb4 */;
CREATE TABLE `ExamTypes` (
  `type_id` int NOT NULL AUTO_INCREMENT,
  `exam_type_name` varchar(255) DEFAULT NULL,
  PRIMARY KEY (`type_id`),
  UNIQUE KEY `exam_type` (`exam_type_name`)
) ENGINE=InnoDB AUTO_INCREMENT=5 DEFAULT CHARSET=utf8mb4 COLLATE=utf8mb4_0900_ai_ci;
/*!40101 SET character_set_client = @saved_cs_client */;

--
-- Dumping data for table `ExamTypes`
--

LOCK TABLES `ExamTypes` WRITE;
/*!40000 ALTER TABLE `ExamTypes` DISABLE KEYS */;
INSERT INTO `ExamTypes` VALUES (2,'期中考'),(4,'期末考'),(1,'第一次月考'),(3,'第二次月考');
/*!40000 ALTER TABLE `ExamTypes` ENABLE KEYS */;
UNLOCK TABLES;

--
-- Table structure for table `Scores`
--

DROP TABLE IF EXISTS `Scores`;
/*!40101 SET @saved_cs_client     = @@character_set_client */;
/*!50503 SET character_set_client = utf8mb4 */;
CREATE TABLE `Scores` (
  `score_id` int NOT NULL AUTO_INCREMENT,
  `student_id` varchar(255) DEFAULT NULL,
  `subject_id` int DEFAULT NULL,
  `exam_type_id` int DEFAULT NULL,
  `score` int DEFAULT NULL,
  PRIMARY KEY (`score_id`),
  KEY `student_id` (`student_id`),
  KEY `subject_id` (`subject_id`),
  KEY `exam_type_id` (`exam_type_id`),
  CONSTRAINT `Scores_ibfk_1` FOREIGN KEY (`student_id`) REFERENCES `Students` (`student_id`),
  CONSTRAINT `Scores_ibfk_2` FOREIGN KEY (`subject_id`) REFERENCES `Subjects` (`subject_id`),
  CONSTRAINT `Scores_ibfk_3` FOREIGN KEY (`exam_type_id`) REFERENCES `ExamTypes` (`type_id`)
) ENGINE=InnoDB AUTO_INCREMENT=8651 DEFAULT CHARSET=utf8mb4 COLLATE=utf8mb4_0900_ai_ci;
/*!40101 SET character_set_client = @saved_cs_client */;

--
-- Dumping data for table `Scores`
--

LOCK TABLES `Scores` WRITE;
/*!40000 ALTER TABLE `Scores` DISABLE KEYS */;
INSERT INTO `Scores` VALUES (1,'S0101',6,1,71),(2,'S0101',6,2,97),(3,'S0101',6,3,88),(4,'S0101',6,4,90),(5,'S0101',5,1,87),(6,'S0101',5,2,62),(7,'S0101',5,3,74),(8,'S0101',5,4,84),(9,'S0101',4,1,95),(10,'S0101',4,2,82),(21,'S0101',4,3,64),(22,'S0101',4,4,75),(23,'S0101',3,1,85),(24,'S0101',3,2,98),(25,'S0101',3,3,92),(26,'S0101',3,4,66),(27,'S0101',2,1,77),(28,'S0101',2,2,87),(29,'S0101',2,3,61),(30,'S0101',2,4,67),(31,'S0101',1,1,93),(32,'S0101',1,2,80),(33,'S0101',1,3,90),(34,'S0101',1,4,95),(35,'S0102',6,1,63),(36,'S0102',6,2,93),(37,'S0102',6,3,92),(38,'S0102',6,4,83),(39,'S0102',5,1,78),(40,'S0102',5,2,84),(41,'S0102',5,3,84),(42,'S0102',5,4,67),(43,'S0102',4,1,63),(44,'S0102',4,2,97),(45,'S0102',4,3,71),(46,'S0102',4,4,88),(47,'S0102',3,1,84),(48,'S0102',3,2,97),(49,'S0102',3,3,92),(50,'S0102',3,4,69),(51,'S0102',2,1,92),(52,'S0102',2,2,70),(53,'S0102',2,3,94),(54,'S0102',2,4,81),(55,'S0102',1,1,62),(56,'S0102',1,2,91),(57,'S0102',1,3,86),(58,'S0102',1,4,98),(59,'S0103',6,1,88),(60,'S0103',6,2,88),(61,'S0103',6,3,52),(62,'S0103',6,4,56),(63,'S0103',5,1,77),(64,'S0103',5,2,63),(65,'S0103',5,3,63),(66,'S0103',5,4,68),(67,'S0103',4,1,90),(68,'S0103',4,2,65),(69,'S0103',4,3,76),(70,'S0103',4,4,84),(71,'S0103',3,1,92),(72,'S0103',3,2,68),(73,'S0103',3,3,85),(74,'S0103',3,4,80),(75,'S0103',2,1,87),(76,'S0103',2,2,94),(77,'S0103',2,3,69),(78,'S0103',2,4,84),(79,'S0103',1,1,71),(80,'S0103',1,2,86),(81,'S0103',1,3,74),(82,'S0103',1,4,92),(83,'S0104',6,1,98),(84,'S0104',6,2,74),(85,'S0104',6,3,98),(86,'S0104',6,4,83),(87,'S0104',5,1,63),(88,'S0104',5,2,87),(89,'S0104',5,3,66),(90,'S0104',5,4,91),(91,'S0104',4,1,76),(92,'S0104',4,2,88),(93,'S0104',4,3,70),(94,'S0104',4,4,69),(95,'S0104',3,1,74),(96,'S0104',3,2,61),(97,'S0104',3,3,67),(98,'S0104',3,4,92),(99,'S0104',2,1,75),(100,'S0104',2,2,83),(101,'S0104',2,3,88),(102,'S0104',2,4,92),(103,'S0104',1,1,94),(104,'S0104',1,2,95),(105,'S0104',1,3,92),(106,'S0104',1,4,75),(107,'S0105',6,1,78),(108,'S0105',6,2,67),(109,'S0105',6,3,64),(110,'S0105',6,4,62),(111,'S0105',5,1,69),(112,'S0105',5,2,87),(113,'S0105',5,3,87),(114,'S0105',5,4,71),(115,'S0105',4,1,75),(116,'S0105',4,2,64),(117,'S0105',4,3,77),(118,'S0105',4,4,92),(119,'S0105',3,1,87),(120,'S0105',3,2,98),(121,'S0105',3,3,88),(122,'S0105',3,4,88),(123,'S0105',2,1,74),(124,'S0105',2,2,89),(125,'S0105',2,3,81),(126,'S0105',2,4,76),(127,'S0105',1,1,81),(128,'S0105',1,2,75),(129,'S0105',1,3,74),(130,'S0105',1,4,84),(131,'S0106',6,1,98),(132,'S0106',6,2,96),(133,'S0106',6,3,86),(134,'S0106',6,4,83),(135,'S0106',5,1,99),(136,'S0106',5,2,63),(137,'S0106',5,3,80),(138,'S0106',5,4,69),(139,'S0106',4,1,86),(140,'S0106',4,2,84),(141,'S0106',4,3,60),(142,'S0106',4,4,72),(143,'S0106',3,1,80),(144,'S0106',3,2,83),(145,'S0106',3,3,73),(146,'S0106',3,4,100),(147,'S0106',2,1,98),(148,'S0106',2,2,88),(149,'S0106',2,3,87),(150,'S0106',2,4,72),(151,'S0106',1,1,81),(152,'S0106',1,2,87),(153,'S0106',1,3,90),(154,'S0106',1,4,90),(155,'S0107',6,1,69),(156,'S0107',6,2,63),(157,'S0107',6,3,61),(158,'S0107',6,4,66),(159,'S0107',5,1,64),(160,'S0107',5,2,64),(161,'S0107',5,3,65),(162,'S0107',5,4,67),(163,'S0107',4,1,68),(164,'S0107',4,2,61),(165,'S0107',4,3,69),(166,'S0107',4,4,65),(167,'S0107',3,1,65),(168,'S0107',3,2,61),(169,'S0107',3,3,61),(170,'S0107',3,4,63),(171,'S0107',2,1,60),(172,'S0107',2,2,62),(173,'S0107',2,3,70),(174,'S0107',2,4,63),(175,'S0107',1,1,66),(176,'S0107',1,2,61),(177,'S0107',1,3,67),(178,'S0107',1,4,62),(179,'S0108',6,1,96),(180,'S0108',6,2,97),(181,'S0108',6,3,95),(182,'S0108',6,4,97),(183,'S0108',5,1,98),(184,'S0108',5,2,96),(185,'S0108',5,3,96),(186,'S0108',5,4,97),(187,'S0108',4,1,96),(188,'S0108',4,2,95),(189,'S0108',4,3,97),(190,'S0108',4,4,97),(191,'S0108',3,1,98),(192,'S0108',3,2,96),(193,'S0108',3,3,96),(194,'S0108',3,4,99),(195,'S0108',2,1,97),(196,'S0108',2,2,97),(197,'S0108',2,3,96),(198,'S0108',2,4,98),(199,'S0108',1,1,97),(200,'S0108',1,2,96),(201,'S0108',1,3,98),(202,'S0108',1,4,95),(203,'S0109',6,1,94),(204,'S0109',6,2,69),(205,'S0109',6,3,86),(206,'S0109',6,4,82),(207,'S0109',5,1,93),(208,'S0109',5,2,75),(209,'S0109',5,3,76),(210,'S0109',5,4,99),(211,'S0109',4,1,84),(212,'S0109',4,2,62),(213,'S0109',4,3,83),(214,'S0109',4,4,87),(215,'S0109',3,1,86),(216,'S0109',3,2,66),(217,'S0109',3,3,95),(218,'S0109',3,4,96),(219,'S0109',2,1,94),(220,'S0109',2,2,83),(221,'S0109',2,3,72),(222,'S0109',2,4,95),(223,'S0109',1,1,74),(224,'S0109',1,2,67),(225,'S0109',1,3,93),(226,'S0109',1,4,81),(227,'S0110',6,1,68),(228,'S0110',6,2,80),(229,'S0110',6,3,96),(230,'S0110',6,4,97),(231,'S0110',5,1,97),(232,'S0110',5,2,94),(233,'S0110',5,3,78),(234,'S0110',5,4,88),(235,'S0110',4,1,66),(236,'S0110',4,2,86),(237,'S0110',4,3,94),(238,'S0110',4,4,69),(239,'S0110',3,1,84),(240,'S0110',3,2,73),(241,'S0110',3,3,96),(242,'S0110',3,4,75),(243,'S0110',2,1,71),(244,'S0110',2,2,70),(245,'S0110',2,3,76),(246,'S0110',2,4,69),(247,'S0110',1,1,99),(248,'S0110',1,2,64),(249,'S0110',1,3,86),(250,'S0110',1,4,98),(251,'S0111',6,1,91),(252,'S0111',6,2,62),(253,'S0111',6,3,97),(254,'S0111',6,4,77),(255,'S0111',5,1,77),(256,'S0111',5,2,93),(257,'S0111',5,3,94),(258,'S0111',5,4,91),(259,'S0111',4,1,71),(260,'S0111',4,2,65),(261,'S0111',4,3,91),(262,'S0111',4,4,78),(263,'S0111',3,1,100),(264,'S0111',3,2,85),(265,'S0111',3,3,63),(266,'S0111',3,4,84),(267,'S0111',2,1,87),(268,'S0111',2,2,86),(269,'S0111',2,3,66),(270,'S0111',2,4,95),(271,'S0111',1,1,93),(272,'S0111',1,2,82),(273,'S0111',1,3,69),(274,'S0111',1,4,84),(275,'S0112',6,1,68),(276,'S0112',6,2,71),(277,'S0112',6,3,93),(278,'S0112',6,4,69),(279,'S0112',5,1,86),(280,'S0112',5,2,84),(281,'S0112',5,3,61),(282,'S0112',5,4,77),(283,'S0112',4,1,60),(284,'S0112',4,2,91),(285,'S0112',4,3,94),(286,'S0112',4,4,94),(287,'S0112',3,1,87),(288,'S0112',3,2,94),(289,'S0112',3,3,70),(290,'S0112',3,4,87),(291,'S0112',2,1,85),(292,'S0112',2,2,63),(293,'S0112',2,3,84),(294,'S0112',2,4,87),(295,'S0112',1,1,84),(296,'S0112',1,2,60),(297,'S0112',1,3,71),(298,'S0112',1,4,73),(299,'S0113',6,1,98),(300,'S0113',6,2,95),(301,'S0113',6,3,93),(302,'S0113',6,4,70),(303,'S0113',5,1,93),(304,'S0113',5,2,72),(305,'S0113',5,3,63),(306,'S0113',5,4,80),(307,'S0113',4,1,71),(308,'S0113',4,2,94),(309,'S0113',4,3,76),(310,'S0113',4,4,79),(311,'S0113',3,1,68),(312,'S0113',3,2,85),(313,'S0113',3,3,80),(314,'S0113',3,4,84),(315,'S0113',2,1,78),(316,'S0113',2,2,80),(317,'S0113',2,3,65),(318,'S0113',2,4,66),(319,'S0113',1,1,76),(320,'S0113',1,2,83),(321,'S0113',1,3,85),(322,'S0113',1,4,75),(323,'S0114',6,1,61),(324,'S0114',6,2,62),(325,'S0114',6,3,57),(326,'S0114',6,4,53),(327,'S0114',5,1,77),(328,'S0114',5,2,77),(329,'S0114',5,3,96),(330,'S0114',5,4,64),(331,'S0114',4,1,98),(332,'S0114',4,2,75),(333,'S0114',4,3,62),(334,'S0114',4,4,64),(335,'S0114',3,1,78),(336,'S0114',3,2,95),(337,'S0114',3,3,61),(338,'S0114',3,4,83),(339,'S0114',2,1,89),(340,'S0114',2,2,97),(341,'S0114',2,3,75),(342,'S0114',2,4,67),(343,'S0114',1,1,91),(344,'S0114',1,2,72),(345,'S0114',1,3,68),(346,'S0114',1,4,64),(347,'S0115',6,1,100),(348,'S0115',6,2,82),(349,'S0115',6,3,92),(350,'S0115',6,4,74),(351,'S0115',5,1,76),(352,'S0115',5,2,99),(353,'S0115',5,3,83),(354,'S0115',5,4,61),(355,'S0115',4,1,76),(356,'S0115',4,2,98),(357,'S0115',4,3,77),(358,'S0115',4,4,74),(359,'S0115',3,1,77),(360,'S0115',3,2,66),(361,'S0115',3,3,80),(362,'S0115',3,4,61),(363,'S0115',2,1,85),(364,'S0115',2,2,61),(365,'S0115',2,3,74),(366,'S0115',2,4,86),(367,'S0115',1,1,65),(368,'S0115',1,2,88),(369,'S0115',1,3,66),(370,'S0115',1,4,87),(371,'S0116',6,1,94),(372,'S0116',6,2,70),(373,'S0116',6,3,88),(374,'S0116',6,4,88),(375,'S0116',5,1,78),(376,'S0116',5,2,67),(377,'S0116',5,3,83),(378,'S0116',5,4,74),(379,'S0116',4,1,99),(380,'S0116',4,2,90),(381,'S0116',4,3,94),(382,'S0116',4,4,60),(383,'S0116',3,1,82),(384,'S0116',3,2,90),(385,'S0116',3,3,60),(386,'S0116',3,4,92),(387,'S0116',2,1,100),(388,'S0116',2,2,82),(389,'S0116',2,3,93),(390,'S0116',2,4,76),(391,'S0116',1,1,82),(392,'S0116',1,2,82),(393,'S0116',1,3,65),(394,'S0116',1,4,61),(395,'S0117',6,1,90),(396,'S0117',6,2,83),(397,'S0117',6,3,86),(398,'S0117',6,4,82),(399,'S0117',5,1,94),(400,'S0117',5,2,80),(401,'S0117',5,3,99),(402,'S0117',5,4,73),(403,'S0117',4,1,90),(404,'S0117',4,2,90),(405,'S0117',4,3,78),(406,'S0117',4,4,62),(407,'S0117',3,1,98),(408,'S0117',3,2,82),(409,'S0117',3,3,96),(410,'S0117',3,4,93),(411,'S0117',2,1,78),(412,'S0117',2,2,90),(413,'S0117',2,3,74),(414,'S0117',2,4,84),(415,'S0117',1,1,97),(416,'S0117',1,2,90),(417,'S0117',1,3,99),(418,'S0117',1,4,85),(419,'S0118',6,1,68),(420,'S0118',6,2,64),(421,'S0118',6,3,67),(422,'S0118',6,4,62),(423,'S0118',5,1,68),(424,'S0118',5,2,67),(425,'S0118',5,3,68),(426,'S0118',5,4,62),(427,'S0118',4,1,64),(428,'S0118',4,2,64),(429,'S0118',4,3,67),(430,'S0118',4,4,63),(431,'S0118',3,1,66),(432,'S0118',3,2,61),(433,'S0118',3,3,66),(434,'S0118',3,4,66),(435,'S0118',2,1,63),(436,'S0118',2,2,66),(437,'S0118',2,3,62),(438,'S0118',2,4,63),(439,'S0118',1,1,70),(440,'S0118',1,2,69),(441,'S0118',1,3,67),(442,'S0118',1,4,65),(443,'S0119',6,1,91),(444,'S0119',6,2,79),(445,'S0119',6,3,63),(446,'S0119',6,4,100),(447,'S0119',5,1,89),(448,'S0119',5,2,85),(449,'S0119',5,3,99),(450,'S0119',5,4,97),(451,'S0119',4,1,89),(452,'S0119',4,2,93),(453,'S0119',4,3,98),(454,'S0119',4,4,69),(455,'S0119',3,1,74),(456,'S0119',3,2,64),(457,'S0119',3,3,80),(458,'S0119',3,4,63),(459,'S0119',2,1,60),(460,'S0119',2,2,89),(461,'S0119',2,3,86),(462,'S0119',2,4,60),(463,'S0119',1,1,65),(464,'S0119',1,2,86),(465,'S0119',1,3,92),(466,'S0119',1,4,61),(467,'S0120',6,1,94),(468,'S0120',6,2,62),(469,'S0120',6,3,91),(470,'S0120',6,4,88),(471,'S0120',5,1,64),(472,'S0120',5,2,81),(473,'S0120',5,3,70),(474,'S0120',5,4,89),(475,'S0120',4,1,96),(476,'S0120',4,2,68),(477,'S0120',4,3,75),(478,'S0120',4,4,73),(479,'S0120',3,1,77),(480,'S0120',3,2,69),(481,'S0120',3,3,94),(482,'S0120',3,4,82),(483,'S0120',2,1,67),(484,'S0120',2,2,71),(485,'S0120',2,3,96),(486,'S0120',2,4,83),(487,'S0120',1,1,66),(488,'S0120',1,2,66),(489,'S0120',1,3,69),(490,'S0120',1,4,88),(491,'S0121',6,1,99),(492,'S0121',6,2,98),(493,'S0121',6,3,97),(494,'S0121',6,4,99),(495,'S0121',5,1,97),(496,'S0121',5,2,97),(497,'S0121',5,3,99),(498,'S0121',5,4,97),(499,'S0121',4,1,95),(500,'S0121',4,2,95),(501,'S0121',4,3,96),(502,'S0121',4,4,99),(503,'S0121',3,1,98),(504,'S0121',3,2,97),(505,'S0121',3,3,99),(506,'S0121',3,4,96),(507,'S0121',2,1,97),(508,'S0121',2,2,98),(509,'S0121',2,3,95),(510,'S0121',2,4,96),(511,'S0121',1,1,97),(512,'S0121',1,2,95),(513,'S0121',1,3,97),(514,'S0121',1,4,95),(515,'S0122',6,1,97),(516,'S0122',6,2,63),(517,'S0122',6,3,88),(518,'S0122',6,4,68),(519,'S0122',5,1,97),(520,'S0122',5,2,61),(521,'S0122',5,3,74),(522,'S0122',5,4,90),(523,'S0122',4,1,84),(524,'S0122',4,2,89),(525,'S0122',4,3,96),(526,'S0122',4,4,68),(527,'S0122',3,1,77),(528,'S0122',3,2,79),(529,'S0122',3,3,66),(530,'S0122',3,4,74),(531,'S0122',2,1,69),(532,'S0122',2,2,67),(533,'S0122',2,3,65),(534,'S0122',2,4,66),(535,'S0122',1,1,74),(536,'S0122',1,2,73),(537,'S0122',1,3,85),(538,'S0122',1,4,62),(539,'S0123',6,1,79),(540,'S0123',6,2,67),(541,'S0123',6,3,77),(542,'S0123',6,4,87),(543,'S0123',5,1,62),(544,'S0123',5,2,73),(545,'S0123',5,3,77),(546,'S0123',5,4,65),(547,'S0123',4,1,75),(548,'S0123',4,2,80),(549,'S0123',4,3,73),(550,'S0123',4,4,66),(551,'S0123',3,1,95),(552,'S0123',3,2,91),(553,'S0123',3,3,72),(554,'S0123',3,4,70),(555,'S0123',2,1,71),(556,'S0123',2,2,89),(557,'S0123',2,3,88),(558,'S0123',2,4,72),(559,'S0123',1,1,78),(560,'S0123',1,2,72),(561,'S0123',1,3,67),(562,'S0123',1,4,100),(563,'S0124',6,1,75),(564,'S0124',6,2,97),(565,'S0124',6,3,81),(566,'S0124',6,4,92),(567,'S0124',5,1,76),(568,'S0124',5,2,85),(569,'S0124',5,3,98),(570,'S0124',5,4,93),(571,'S0124',4,1,72),(572,'S0124',4,2,63),(573,'S0124',4,3,80),(574,'S0124',4,4,68),(575,'S0124',3,1,81),(576,'S0124',3,2,60),(577,'S0124',3,3,81),(578,'S0124',3,4,83),(579,'S0124',2,1,71),(580,'S0124',2,2,87),(581,'S0124',2,3,82),(582,'S0124',2,4,87),(583,'S0124',1,1,92),(584,'S0124',1,2,95),(585,'S0124',1,3,60),(586,'S0124',1,4,79),(587,'S0125',6,1,71),(588,'S0125',6,2,99),(589,'S0125',6,3,61),(590,'S0125',6,4,71),(591,'S0125',5,1,73),(592,'S0125',5,2,90),(593,'S0125',5,3,92),(594,'S0125',5,4,88),(595,'S0125',4,1,64),(596,'S0125',4,2,80),(597,'S0125',4,3,66),(598,'S0125',4,4,71),(599,'S0125',3,1,98),(600,'S0125',3,2,96),(601,'S0125',3,3,82),(602,'S0125',3,4,66),(603,'S0125',2,1,63),(604,'S0125',2,2,60),(605,'S0125',2,3,89),(606,'S0125',2,4,85),(607,'S0125',1,1,99),(608,'S0125',1,2,98),(609,'S0125',1,3,91),(610,'S0125',1,4,61),(611,'S0126',6,1,94),(612,'S0126',6,2,97),(613,'S0126',6,3,84),(614,'S0126',6,4,83),(615,'S0126',5,1,60),(616,'S0126',5,2,77),(617,'S0126',5,3,61),(618,'S0126',5,4,96),(619,'S0126',4,1,76),(620,'S0126',4,2,72),(621,'S0126',4,3,71),(622,'S0126',4,4,83),(623,'S0126',3,1,98),(624,'S0126',3,2,60),(625,'S0126',3,3,71),(626,'S0126',3,4,73),(627,'S0126',2,1,94),(628,'S0126',2,2,69),(629,'S0126',2,3,84),(630,'S0126',2,4,71),(631,'S0126',1,1,86),(632,'S0126',1,2,73),(633,'S0126',1,3,91),(634,'S0126',1,4,93),(635,'S0127',6,1,92),(636,'S0127',6,2,92),(637,'S0127',6,3,84),(638,'S0127',6,4,68),(639,'S0127',5,1,69),(640,'S0127',5,2,83),(641,'S0127',5,3,64),(642,'S0127',5,4,95),(643,'S0127',4,1,61),(644,'S0127',4,2,82),(645,'S0127',4,3,84),(646,'S0127',4,4,74),(647,'S0127',3,1,98),(648,'S0127',3,2,87),(649,'S0127',3,3,80),(650,'S0127',3,4,79),(651,'S0127',2,1,96),(652,'S0127',2,2,62),(653,'S0127',2,3,86),(654,'S0127',2,4,100),(655,'S0127',1,1,100),(656,'S0127',1,2,100),(657,'S0127',1,3,61),(658,'S0127',1,4,66),(659,'S0128',6,1,88),(660,'S0128',6,2,99),(661,'S0128',6,3,89),(662,'S0128',6,4,90),(663,'S0128',5,1,82),(664,'S0128',5,2,80),(665,'S0128',5,3,93),(666,'S0128',5,4,86),(667,'S0128',4,1,91),(668,'S0128',4,2,96),(669,'S0128',4,3,65),(670,'S0128',4,4,99),(671,'S0128',3,1,79),(672,'S0128',3,2,79),(673,'S0128',3,3,100),(674,'S0128',3,4,79),(675,'S0128',2,1,76),(676,'S0128',2,2,84),(677,'S0128',2,3,94),(678,'S0128',2,4,73),(679,'S0128',1,1,65),(680,'S0128',1,2,87),(681,'S0128',1,3,100),(682,'S0128',1,4,97),(683,'S0129',6,1,86),(684,'S0129',6,2,80),(685,'S0129',6,3,82),(686,'S0129',6,4,69),(687,'S0129',5,1,80),(688,'S0129',5,2,93),(689,'S0129',5,3,82),(690,'S0129',5,4,71),(691,'S0129',4,1,91),(692,'S0129',4,2,62),(693,'S0129',4,3,99),(694,'S0129',4,4,84),(695,'S0129',3,1,66),(696,'S0129',3,2,60),(697,'S0129',3,3,84),(698,'S0129',3,4,97),(699,'S0129',2,1,93),(700,'S0129',2,2,74),(701,'S0129',2,3,72),(702,'S0129',2,4,80),(703,'S0129',1,1,81),(704,'S0129',1,2,66),(705,'S0129',1,3,70),(706,'S0129',1,4,89),(707,'S0130',6,1,96),(708,'S0130',6,2,70),(709,'S0130',6,3,85),(710,'S0130',6,4,75),(711,'S0130',5,1,60),(712,'S0130',5,2,97),(713,'S0130',5,3,80),(714,'S0130',5,4,94),(715,'S0130',4,1,85),(716,'S0130',4,2,85),(717,'S0130',4,3,70),(718,'S0130',4,4,77),(719,'S0130',3,1,74),(720,'S0130',3,2,77),(721,'S0130',3,3,66),(722,'S0130',3,4,77),(723,'S0130',2,1,90),(724,'S0130',2,2,76),(725,'S0130',2,3,90),(726,'S0130',2,4,82),(727,'S0130',1,1,79),(728,'S0130',1,2,89),(729,'S0130',1,3,70),(730,'S0130',1,4,61),(731,'S0201',6,1,77),(732,'S0201',6,2,62),(733,'S0201',6,3,54),(734,'S0201',6,4,58),(735,'S0201',5,1,82),(736,'S0201',5,2,88),(737,'S0201',5,3,91),(738,'S0201',5,4,93),(739,'S0201',4,1,89),(740,'S0201',4,2,67),(741,'S0201',4,3,90),(742,'S0201',4,4,67),(743,'S0201',3,1,85),(744,'S0201',3,2,85),(745,'S0201',3,3,70),(746,'S0201',3,4,77),(747,'S0201',2,1,75),(748,'S0201',2,2,82),(749,'S0201',2,3,85),(750,'S0201',2,4,77),(751,'S0201',1,1,74),(752,'S0201',1,2,77),(753,'S0201',1,3,65),(754,'S0201',1,4,73),(755,'S0202',6,1,70),(756,'S0202',6,2,71),(757,'S0202',6,3,87),(758,'S0202',6,4,81),(759,'S0202',5,1,84),(760,'S0202',5,2,77),(761,'S0202',5,3,72),(762,'S0202',5,4,70),(763,'S0202',4,1,76),(764,'S0202',4,2,68),(765,'S0202',4,3,93),(766,'S0202',4,4,79),(767,'S0202',3,1,96),(768,'S0202',3,2,61),(769,'S0202',3,3,82),(770,'S0202',3,4,84),(771,'S0202',2,1,75),(772,'S0202',2,2,61),(773,'S0202',2,3,64),(774,'S0202',2,4,75),(775,'S0202',1,1,85),(776,'S0202',1,2,99),(777,'S0202',1,3,98),(778,'S0202',1,4,91),(779,'S0203',6,1,60),(780,'S0203',6,2,90),(781,'S0203',6,3,88),(782,'S0203',6,4,68),(783,'S0203',5,1,100),(784,'S0203',5,2,74),(785,'S0203',5,3,91),(786,'S0203',5,4,93),(787,'S0203',4,1,92),(788,'S0203',4,2,78),(789,'S0203',4,3,97),(790,'S0203',4,4,68),(791,'S0203',3,1,70),(792,'S0203',3,2,88),(793,'S0203',3,3,89),(794,'S0203',3,4,80),(795,'S0203',2,1,72),(796,'S0203',2,2,62),(797,'S0203',2,3,74),(798,'S0203',2,4,83),(799,'S0203',1,1,92),(800,'S0203',1,2,72),(801,'S0203',1,3,66),(802,'S0203',1,4,95),(803,'S0204',6,1,93),(804,'S0204',6,2,81),(805,'S0204',6,3,66),(806,'S0204',6,4,67),(807,'S0204',5,1,78),(808,'S0204',5,2,89),(809,'S0204',5,3,69),(810,'S0204',5,4,100),(811,'S0204',4,1,71),(812,'S0204',4,2,75),(813,'S0204',4,3,62),(814,'S0204',4,4,69),(815,'S0204',3,1,97),(816,'S0204',3,2,96),(817,'S0204',3,3,89),(818,'S0204',3,4,96),(819,'S0204',2,1,72),(820,'S0204',2,2,95),(821,'S0204',2,3,75),(822,'S0204',2,4,73),(823,'S0204',1,1,79),(824,'S0204',1,2,76),(825,'S0204',1,3,85),(826,'S0204',1,4,95),(827,'S0205',6,1,96),(828,'S0205',6,2,92),(829,'S0205',6,3,87),(830,'S0205',6,4,96),(831,'S0205',5,1,75),(832,'S0205',5,2,72),(833,'S0205',5,3,74),(834,'S0205',5,4,96),(835,'S0205',4,1,76),(836,'S0205',4,2,73),(837,'S0205',4,3,76),(838,'S0205',4,4,100),(839,'S0205',3,1,93),(840,'S0205',3,2,63),(841,'S0205',3,3,98),(842,'S0205',3,4,77),(843,'S0205',2,1,75),(844,'S0205',2,2,83),(845,'S0205',2,3,91),(846,'S0205',2,4,65),(847,'S0205',1,1,74),(848,'S0205',1,2,73),(849,'S0205',1,3,86),(850,'S0205',1,4,70),(851,'S0206',6,1,72),(852,'S0206',6,2,91),(853,'S0206',6,3,95),(854,'S0206',6,4,63),(855,'S0206',5,1,93),(856,'S0206',5,2,92),(857,'S0206',5,3,80),(858,'S0206',5,4,66),(859,'S0206',4,1,71),(860,'S0206',4,2,99),(861,'S0206',4,3,98),(862,'S0206',4,4,95),(863,'S0206',3,1,78),(864,'S0206',3,2,87),(865,'S0206',3,3,60),(866,'S0206',3,4,63),(867,'S0206',2,1,72),(868,'S0206',2,2,74),(869,'S0206',2,3,92),(870,'S0206',2,4,99),(871,'S0206',1,1,77),(872,'S0206',1,2,71),(873,'S0206',1,3,63),(874,'S0206',1,4,84),(875,'S0207',6,1,89),(876,'S0207',6,2,91),(877,'S0207',6,3,91),(878,'S0207',6,4,78),(879,'S0207',5,1,99),(880,'S0207',5,2,78),(881,'S0207',5,3,74),(882,'S0207',5,4,77),(883,'S0207',4,1,61),(884,'S0207',4,2,99),(885,'S0207',4,3,87),(886,'S0207',4,4,80),(887,'S0207',3,1,79),(888,'S0207',3,2,94),(889,'S0207',3,3,94),(890,'S0207',3,4,87),(891,'S0207',2,1,93),(892,'S0207',2,2,61),(893,'S0207',2,3,89),(894,'S0207',2,4,79),(895,'S0207',1,1,70),(896,'S0207',1,2,93),(897,'S0207',1,3,71),(898,'S0207',1,4,61),(899,'S0208',6,1,72),(900,'S0208',6,2,75),(901,'S0208',6,3,60),(902,'S0208',6,4,97),(903,'S0208',5,1,80),(904,'S0208',5,2,91),(905,'S0208',5,3,72),(906,'S0208',5,4,71),(907,'S0208',4,1,77),(908,'S0208',4,2,74),(909,'S0208',4,3,81),(910,'S0208',4,4,79),(911,'S0208',3,1,93),(912,'S0208',3,2,89),(913,'S0208',3,3,62),(914,'S0208',3,4,68),(915,'S0208',2,1,94),(916,'S0208',2,2,81),(917,'S0208',2,3,67),(918,'S0208',2,4,73),(919,'S0208',1,1,61),(920,'S0208',1,2,70),(921,'S0208',1,3,66),(922,'S0208',1,4,100),(923,'S0209',6,1,78),(924,'S0209',6,2,74),(925,'S0209',6,3,75),(926,'S0209',6,4,93),(927,'S0209',5,1,97),(928,'S0209',5,2,66),(929,'S0209',5,3,61),(930,'S0209',5,4,87),(931,'S0209',4,1,71),(932,'S0209',4,2,73),(933,'S0209',4,3,95),(934,'S0209',4,4,75),(935,'S0209',3,1,69),(936,'S0209',3,2,61),(937,'S0209',3,3,81),(938,'S0209',3,4,78),(939,'S0209',2,1,88),(940,'S0209',2,2,64),(941,'S0209',2,3,81),(942,'S0209',2,4,69),(943,'S0209',1,1,83),(944,'S0209',1,2,67),(945,'S0209',1,3,68),(946,'S0209',1,4,78),(947,'S0210',6,1,64),(948,'S0210',6,2,61),(949,'S0210',6,3,62),(950,'S0210',6,4,69),(951,'S0210',5,1,70),(952,'S0210',5,2,62),(953,'S0210',5,3,68),(954,'S0210',5,4,67),(955,'S0210',4,1,70),(956,'S0210',4,2,67),(957,'S0210',4,3,67),(958,'S0210',4,4,66),(959,'S0210',3,1,65),(960,'S0210',3,2,69),(961,'S0210',3,3,61),(962,'S0210',3,4,69),(963,'S0210',2,1,61),(964,'S0210',2,2,66),(965,'S0210',2,3,68),(966,'S0210',2,4,63),(967,'S0210',1,1,69),(968,'S0210',1,2,69),(969,'S0210',1,3,66),(970,'S0210',1,4,63),(971,'S0211',6,1,95),(972,'S0211',6,2,99),(973,'S0211',6,3,70),(974,'S0211',6,4,75),(975,'S0211',5,1,64),(976,'S0211',5,2,76),(977,'S0211',5,3,87),(978,'S0211',5,4,65),(979,'S0211',4,1,87),(980,'S0211',4,2,100),(981,'S0211',4,3,97),(982,'S0211',4,4,84),(983,'S0211',3,1,70),(984,'S0211',3,2,80),(985,'S0211',3,3,89),(986,'S0211',3,4,62),(987,'S0211',2,1,68),(988,'S0211',2,2,94),(989,'S0211',2,3,84),(990,'S0211',2,4,77),(991,'S0211',1,1,73),(992,'S0211',1,2,74),(993,'S0211',1,3,93),(994,'S0211',1,4,100),(995,'S0212',6,1,81),(996,'S0212',6,2,86),(997,'S0212',6,3,88),(998,'S0212',6,4,79),(999,'S0212',5,1,71),(1000,'S0212',5,2,100),(1001,'S0212',5,3,64),(1002,'S0212',5,4,82),(1003,'S0212',4,1,78),(1004,'S0212',4,2,83),(1005,'S0212',4,3,80),(1006,'S0212',4,4,91),(1007,'S0212',3,1,75),(1008,'S0212',3,2,85),(1009,'S0212',3,3,97),(1010,'S0212',3,4,90),(1011,'S0212',2,1,60),(1012,'S0212',2,2,91),(1013,'S0212',2,3,94),(1014,'S0212',2,4,96),(1015,'S0212',1,1,96),(1016,'S0212',1,2,91),(1017,'S0212',1,3,66),(1018,'S0212',1,4,83),(1019,'S0213',6,1,72),(1020,'S0213',6,2,94),(1021,'S0213',6,3,69),(1022,'S0213',6,4,89),(1023,'S0213',5,1,95),(1024,'S0213',5,2,66),(1025,'S0213',5,3,68),(1026,'S0213',5,4,81),(1027,'S0213',4,1,100),(1028,'S0213',4,2,75),(1029,'S0213',4,3,96),(1030,'S0213',4,4,74),(1031,'S0213',3,1,62),(1032,'S0213',3,2,71),(1033,'S0213',3,3,70),(1034,'S0213',3,4,74),(1035,'S0213',2,1,62),(1036,'S0213',2,2,69),(1037,'S0213',2,3,98),(1038,'S0213',2,4,100),(1039,'S0213',1,1,65),(1040,'S0213',1,2,88),(1041,'S0213',1,3,61),(1042,'S0213',1,4,66),(1043,'S0214',6,1,88),(1044,'S0214',6,2,100),(1045,'S0214',6,3,96),(1046,'S0214',6,4,77),(1047,'S0214',5,1,79),(1048,'S0214',5,2,63),(1049,'S0214',5,3,99),(1050,'S0214',5,4,84),(1051,'S0214',4,1,63),(1052,'S0214',4,2,85),(1053,'S0214',4,3,97),(1054,'S0214',4,4,86),(1055,'S0214',3,1,79),(1056,'S0214',3,2,77),(1057,'S0214',3,3,88),(1058,'S0214',3,4,66),(1059,'S0214',2,1,92),(1060,'S0214',2,2,79),(1061,'S0214',2,3,100),(1062,'S0214',2,4,82),(1063,'S0214',1,1,91),(1064,'S0214',1,2,67),(1065,'S0214',1,3,84),(1066,'S0214',1,4,79),(1067,'S0215',6,1,97),(1068,'S0215',6,2,95),(1069,'S0215',6,3,99),(1070,'S0215',6,4,96),(1071,'S0215',5,1,96),(1072,'S0215',5,2,95),(1073,'S0215',5,3,96),(1074,'S0215',5,4,95),(1075,'S0215',4,1,97),(1076,'S0215',4,2,99),(1077,'S0215',4,3,98),(1078,'S0215',4,4,98),(1079,'S0215',3,1,96),(1080,'S0215',3,2,97),(1081,'S0215',3,3,98),(1082,'S0215',3,4,98),(1083,'S0215',2,1,95),(1084,'S0215',2,2,98),(1085,'S0215',2,3,97),(1086,'S0215',2,4,97),(1087,'S0215',1,1,99),(1088,'S0215',1,2,97),(1089,'S0215',1,3,95),(1090,'S0215',1,4,95),(1091,'S0216',6,1,65),(1092,'S0216',6,2,72),(1093,'S0216',6,3,63),(1094,'S0216',6,4,65),(1095,'S0216',5,1,94),(1096,'S0216',5,2,74),(1097,'S0216',5,3,66),(1098,'S0216',5,4,92),(1099,'S0216',4,1,78),(1100,'S0216',4,2,96),(1101,'S0216',4,3,64),(1102,'S0216',4,4,93),(1103,'S0216',3,1,93),(1104,'S0216',3,2,87),(1105,'S0216',3,3,93),(1106,'S0216',3,4,66),(1107,'S0216',2,1,70),(1108,'S0216',2,2,94),(1109,'S0216',2,3,78),(1110,'S0216',2,4,90),(1111,'S0216',1,1,72),(1112,'S0216',1,2,73),(1113,'S0216',1,3,89),(1114,'S0216',1,4,85),(1115,'S0217',6,1,100),(1116,'S0217',6,2,63),(1117,'S0217',6,3,78),(1118,'S0217',6,4,61),(1119,'S0217',5,1,93),(1120,'S0217',5,2,98),(1121,'S0217',5,3,71),(1122,'S0217',5,4,85),(1123,'S0217',4,1,68),(1124,'S0217',4,2,67),(1125,'S0217',4,3,72),(1126,'S0217',4,4,100),(1127,'S0217',3,1,61),(1128,'S0217',3,2,66),(1129,'S0217',3,3,90),(1130,'S0217',3,4,67),(1131,'S0217',2,1,87),(1132,'S0217',2,2,96),(1133,'S0217',2,3,75),(1134,'S0217',2,4,67),(1135,'S0217',1,1,95),(1136,'S0217',1,2,89),(1137,'S0217',1,3,62),(1138,'S0217',1,4,63),(1139,'S0218',6,1,72),(1140,'S0218',6,2,68),(1141,'S0218',6,3,65),(1142,'S0218',6,4,62),(1143,'S0218',5,1,96),(1144,'S0218',5,2,71),(1145,'S0218',5,3,90),(1146,'S0218',5,4,96),(1147,'S0218',4,1,67),(1148,'S0218',4,2,71),(1149,'S0218',4,3,96),(1150,'S0218',4,4,83),(1151,'S0218',3,1,67),(1152,'S0218',3,2,68),(1153,'S0218',3,3,79),(1154,'S0218',3,4,89),(1155,'S0218',2,1,69),(1156,'S0218',2,2,99),(1157,'S0218',2,3,66),(1158,'S0218',2,4,95),(1159,'S0218',1,1,94),(1160,'S0218',1,2,86),(1161,'S0218',1,3,88),(1162,'S0218',1,4,81),(1163,'S0219',6,1,98),(1164,'S0219',6,2,93),(1165,'S0219',6,3,91),(1166,'S0219',6,4,87),(1167,'S0219',5,1,62),(1168,'S0219',5,2,71),(1169,'S0219',5,3,69),(1170,'S0219',5,4,73),(1171,'S0219',4,1,97),(1172,'S0219',4,2,83),(1173,'S0219',4,3,66),(1174,'S0219',4,4,61),(1175,'S0219',3,1,88),(1176,'S0219',3,2,77),(1177,'S0219',3,3,100),(1178,'S0219',3,4,89),(1179,'S0219',2,1,84),(1180,'S0219',2,2,92),(1181,'S0219',2,3,66),(1182,'S0219',2,4,79),(1183,'S0219',1,1,94),(1184,'S0219',1,2,94),(1185,'S0219',1,3,88),(1186,'S0219',1,4,98),(1187,'S0220',6,1,83),(1188,'S0220',6,2,63),(1189,'S0220',6,3,88),(1190,'S0220',6,4,70),(1191,'S0220',5,1,67),(1192,'S0220',5,2,63),(1193,'S0220',5,3,98),(1194,'S0220',5,4,76),(1195,'S0220',4,1,70),(1196,'S0220',4,2,61),(1197,'S0220',4,3,75),(1198,'S0220',4,4,94),(1199,'S0220',3,1,60),(1200,'S0220',3,2,83),(1201,'S0220',3,3,95),(1202,'S0220',3,4,83),(1203,'S0220',2,1,71),(1204,'S0220',2,2,85),(1205,'S0220',2,3,73),(1206,'S0220',2,4,91),(1207,'S0220',1,1,93),(1208,'S0220',1,2,92),(1209,'S0220',1,3,82),(1210,'S0220',1,4,72),(1211,'S0221',6,1,97),(1212,'S0221',6,2,88),(1213,'S0221',6,3,90),(1214,'S0221',6,4,85),(1215,'S0221',5,1,93),(1216,'S0221',5,2,72),(1217,'S0221',5,3,61),(1218,'S0221',5,4,69),(1219,'S0221',4,1,64),(1220,'S0221',4,2,91),(1221,'S0221',4,3,84),(1222,'S0221',4,4,87),(1223,'S0221',3,1,83),(1224,'S0221',3,2,92),(1225,'S0221',3,3,72),(1226,'S0221',3,4,66),(1227,'S0221',2,1,95),(1228,'S0221',2,2,96),(1229,'S0221',2,3,94),(1230,'S0221',2,4,79),(1231,'S0221',1,1,98),(1232,'S0221',1,2,67),(1233,'S0221',1,3,66),(1234,'S0221',1,4,69),(1235,'S0222',6,1,94),(1236,'S0222',6,2,92),(1237,'S0222',6,3,82),(1238,'S0222',6,4,70),(1239,'S0222',5,1,87),(1240,'S0222',5,2,84),(1241,'S0222',5,3,99),(1242,'S0222',5,4,62),(1243,'S0222',4,1,77),(1244,'S0222',4,2,97),(1245,'S0222',4,3,71),(1246,'S0222',4,4,88),(1247,'S0222',3,1,87),(1248,'S0222',3,2,68),(1249,'S0222',3,3,60),(1250,'S0222',3,4,78),(1251,'S0222',2,1,68),(1252,'S0222',2,2,87),(1253,'S0222',2,3,88),(1254,'S0222',2,4,80),(1255,'S0222',1,1,79),(1256,'S0222',1,2,92),(1257,'S0222',1,3,81),(1258,'S0222',1,4,72),(1259,'S0223',6,1,98),(1260,'S0223',6,2,90),(1261,'S0223',6,3,96),(1262,'S0223',6,4,68),(1263,'S0223',5,1,75),(1264,'S0223',5,2,69),(1265,'S0223',5,3,61),(1266,'S0223',5,4,79),(1267,'S0223',4,1,73),(1268,'S0223',4,2,65),(1269,'S0223',4,3,90),(1270,'S0223',4,4,70),(1271,'S0223',3,1,64),(1272,'S0223',3,2,90),(1273,'S0223',3,3,76),(1274,'S0223',3,4,90),(1275,'S0223',2,1,80),(1276,'S0223',2,2,71),(1277,'S0223',2,3,98),(1278,'S0223',2,4,94),(1279,'S0223',1,1,73),(1280,'S0223',1,2,67),(1281,'S0223',1,3,99),(1282,'S0223',1,4,69),(1283,'S0224',6,1,71),(1284,'S0224',6,2,89),(1285,'S0224',6,3,88),(1286,'S0224',6,4,75),(1287,'S0224',5,1,91),(1288,'S0224',5,2,90),(1289,'S0224',5,3,75),(1290,'S0224',5,4,86),(1291,'S0224',4,1,64),(1292,'S0224',4,2,86),(1293,'S0224',4,3,97),(1294,'S0224',4,4,84),(1295,'S0224',3,1,69),(1296,'S0224',3,2,73),(1297,'S0224',3,3,100),(1298,'S0224',3,4,99),(1299,'S0224',2,1,95),(1300,'S0224',2,2,78),(1301,'S0224',2,3,84),(1302,'S0224',2,4,87),(1303,'S0224',1,1,82),(1304,'S0224',1,2,90),(1305,'S0224',1,3,61),(1306,'S0224',1,4,98),(1307,'S0225',6,1,84),(1308,'S0225',6,2,67),(1309,'S0225',6,3,62),(1310,'S0225',6,4,94),(1311,'S0225',5,1,99),(1312,'S0225',5,2,73),(1313,'S0225',5,3,89),(1314,'S0225',5,4,86),(1315,'S0225',4,1,61),(1316,'S0225',4,2,69),(1317,'S0225',4,3,63),(1318,'S0225',4,4,91),(1319,'S0225',3,1,81),(1320,'S0225',3,2,72),(1321,'S0225',3,3,99),(1322,'S0225',3,4,97),(1323,'S0225',2,1,88),(1324,'S0225',2,2,91),(1325,'S0225',2,3,90),(1326,'S0225',2,4,76),(1327,'S0225',1,1,90),(1328,'S0225',1,2,79),(1329,'S0225',1,3,69),(1330,'S0225',1,4,89),(1331,'S0226',6,1,96),(1332,'S0226',6,2,73),(1333,'S0226',6,3,97),(1334,'S0226',6,4,85),(1335,'S0226',5,1,73),(1336,'S0226',5,2,92),(1337,'S0226',5,3,98),(1338,'S0226',5,4,73),(1339,'S0226',4,1,93),(1340,'S0226',4,2,65),(1341,'S0226',4,3,68),(1342,'S0226',4,4,87),(1343,'S0226',3,1,90),(1344,'S0226',3,2,86),(1345,'S0226',3,3,61),(1346,'S0226',3,4,68),(1347,'S0226',2,1,97),(1348,'S0226',2,2,99),(1349,'S0226',2,3,63),(1350,'S0226',2,4,83),(1351,'S0226',1,1,82),(1352,'S0226',1,2,63),(1353,'S0226',1,3,91),(1354,'S0226',1,4,84),(1355,'S0227',6,1,68),(1356,'S0227',6,2,69),(1357,'S0227',6,3,63),(1358,'S0227',6,4,68),(1359,'S0227',5,1,69),(1360,'S0227',5,2,62),(1361,'S0227',5,3,64),(1362,'S0227',5,4,64),(1363,'S0227',4,1,68),(1364,'S0227',4,2,69),(1365,'S0227',4,3,61),(1366,'S0227',4,4,67),(1367,'S0227',3,1,64),(1368,'S0227',3,2,67),(1369,'S0227',3,3,64),(1370,'S0227',3,4,69),(1371,'S0227',2,1,63),(1372,'S0227',2,2,69),(1373,'S0227',2,3,65),(1374,'S0227',2,4,67),(1375,'S0227',1,1,69),(1376,'S0227',1,2,64),(1377,'S0227',1,3,65),(1378,'S0227',1,4,62),(1379,'S0228',6,1,96),(1380,'S0228',6,2,96),(1381,'S0228',6,3,96),(1382,'S0228',6,4,97),(1383,'S0228',5,1,95),(1384,'S0228',5,2,98),(1385,'S0228',5,3,97),(1386,'S0228',5,4,98),(1387,'S0228',4,1,95),(1388,'S0228',4,2,98),(1389,'S0228',4,3,96),(1390,'S0228',4,4,97),(1391,'S0228',3,1,99),(1392,'S0228',3,2,95),(1393,'S0228',3,3,97),(1394,'S0228',3,4,96),(1395,'S0228',2,1,98),(1396,'S0228',2,2,99),(1397,'S0228',2,3,98),(1398,'S0228',2,4,98),(1399,'S0228',1,1,99),(1400,'S0228',1,2,95),(1401,'S0228',1,3,97),(1402,'S0228',1,4,99),(1403,'S0229',6,1,90),(1404,'S0229',6,2,86),(1405,'S0229',6,3,99),(1406,'S0229',6,4,97),(1407,'S0229',5,1,87),(1408,'S0229',5,2,85),(1409,'S0229',5,3,62),(1410,'S0229',5,4,77),(1411,'S0229',4,1,100),(1412,'S0229',4,2,86),(1413,'S0229',4,3,69),(1414,'S0229',4,4,69),(1415,'S0229',3,1,78),(1416,'S0229',3,2,85),(1417,'S0229',3,3,88),(1418,'S0229',3,4,87),(1419,'S0229',2,1,70),(1420,'S0229',2,2,70),(1421,'S0229',2,3,81),(1422,'S0229',2,4,95),(1423,'S0229',1,1,89),(1424,'S0229',1,2,62),(1425,'S0229',1,3,64),(1426,'S0229',1,4,75),(1427,'S0230',6,1,84),(1428,'S0230',6,2,93),(1429,'S0230',6,3,73),(1430,'S0230',6,4,68),(1431,'S0230',5,1,100),(1432,'S0230',5,2,75),(1433,'S0230',5,3,95),(1434,'S0230',5,4,67),(1435,'S0230',4,1,75),(1436,'S0230',4,2,71),(1437,'S0230',4,3,70),(1438,'S0230',4,4,79),(1439,'S0230',3,1,85),(1440,'S0230',3,2,87),(1441,'S0230',3,3,80),(1442,'S0230',3,4,79),(1443,'S0230',2,1,98),(1444,'S0230',2,2,67),(1445,'S0230',2,3,65),(1446,'S0230',2,4,65),(1447,'S0230',1,1,72),(1448,'S0230',1,2,64),(1449,'S0230',1,3,83),(1450,'S0230',1,4,84),(1451,'S0301',6,1,62),(1452,'S0301',6,2,63),(1453,'S0301',6,3,69),(1454,'S0301',6,4,66),(1455,'S0301',5,1,64),(1456,'S0301',5,2,61),(1457,'S0301',5,3,63),(1458,'S0301',5,4,64),(1459,'S0301',4,1,69),(1460,'S0301',4,2,64),(1461,'S0301',4,3,61),(1462,'S0301',4,4,63),(1463,'S0301',3,1,64),(1464,'S0301',3,2,69),(1465,'S0301',3,3,65),(1466,'S0301',3,4,68),(1467,'S0301',2,1,65),(1468,'S0301',2,2,69),(1469,'S0301',2,3,60),(1470,'S0301',2,4,64),(1471,'S0301',1,1,60),(1472,'S0301',1,2,69),(1473,'S0301',1,3,63),(1474,'S0301',1,4,68),(1475,'S0302',6,1,86),(1476,'S0302',6,2,65),(1477,'S0302',6,3,89),(1478,'S0302',6,4,69),(1479,'S0302',5,1,60),(1480,'S0302',5,2,75),(1481,'S0302',5,3,93),(1482,'S0302',5,4,60),(1483,'S0302',4,1,83),(1484,'S0302',4,2,92),(1485,'S0302',4,3,71),(1486,'S0302',4,4,100),(1487,'S0302',3,1,66),(1488,'S0302',3,2,94),(1489,'S0302',3,3,88),(1490,'S0302',3,4,98),(1491,'S0302',2,1,86),(1492,'S0302',2,2,76),(1493,'S0302',2,3,61),(1494,'S0302',2,4,60),(1495,'S0302',1,1,100),(1496,'S0302',1,2,93),(1497,'S0302',1,3,67),(1498,'S0302',1,4,78),(1499,'S0303',6,1,89),(1500,'S0303',6,2,70),(1501,'S0303',6,3,62),(1502,'S0303',6,4,82),(1503,'S0303',5,1,82),(1504,'S0303',5,2,65),(1505,'S0303',5,3,61),(1506,'S0303',5,4,89),(1507,'S0303',4,1,79),(1508,'S0303',4,2,72),(1509,'S0303',4,3,60),(1510,'S0303',4,4,66),(1511,'S0303',3,1,93),(1512,'S0303',3,2,82),(1513,'S0303',3,3,71),(1514,'S0303',3,4,91),(1515,'S0303',2,1,100),(1516,'S0303',2,2,86),(1517,'S0303',2,3,70),(1518,'S0303',2,4,72),(1519,'S0303',1,1,91),(1520,'S0303',1,2,99),(1521,'S0303',1,3,79),(1522,'S0303',1,4,81),(1523,'S0304',6,1,66),(1524,'S0304',6,2,71),(1525,'S0304',6,3,95),(1526,'S0304',6,4,82),(1527,'S0304',5,1,66),(1528,'S0304',5,2,63),(1529,'S0304',5,3,99),(1530,'S0304',5,4,81),(1531,'S0304',4,1,92),(1532,'S0304',4,2,76),(1533,'S0304',4,3,83),(1534,'S0304',4,4,89),(1535,'S0304',3,1,95),(1536,'S0304',3,2,66),(1537,'S0304',3,3,67),(1538,'S0304',3,4,78),(1539,'S0304',2,1,90),(1540,'S0304',2,2,74),(1541,'S0304',2,3,80),(1542,'S0304',2,4,79),(1543,'S0304',1,1,94),(1544,'S0304',1,2,93),(1545,'S0304',1,3,81),(1546,'S0304',1,4,67),(1547,'S0305',6,1,72),(1548,'S0305',6,2,61),(1549,'S0305',6,3,70),(1550,'S0305',6,4,67),(1551,'S0305',5,1,63),(1552,'S0305',5,2,98),(1553,'S0305',5,3,75),(1554,'S0305',5,4,65),(1555,'S0305',4,1,81),(1556,'S0305',4,2,70),(1557,'S0305',4,3,86),(1558,'S0305',4,4,80),(1559,'S0305',3,1,83),(1560,'S0305',3,2,74),(1561,'S0305',3,3,60),(1562,'S0305',3,4,61),(1563,'S0305',2,1,64),(1564,'S0305',2,2,77),(1565,'S0305',2,3,95),(1566,'S0305',2,4,60),(1567,'S0305',1,1,80),(1568,'S0305',1,2,79),(1569,'S0305',1,3,97),(1570,'S0305',1,4,62),(1571,'S0306',6,1,99),(1572,'S0306',6,2,98),(1573,'S0306',6,3,83),(1574,'S0306',6,4,67),(1575,'S0306',5,1,67),(1576,'S0306',5,2,74),(1577,'S0306',5,3,69),(1578,'S0306',5,4,63),(1579,'S0306',4,1,88),(1580,'S0306',4,2,70),(1581,'S0306',4,3,69),(1582,'S0306',4,4,75),(1583,'S0306',3,1,66),(1584,'S0306',3,2,85),(1585,'S0306',3,3,88),(1586,'S0306',3,4,84),(1587,'S0306',2,1,98),(1588,'S0306',2,2,96),(1589,'S0306',2,3,83),(1590,'S0306',2,4,69),(1591,'S0306',1,1,79),(1592,'S0306',1,2,87),(1593,'S0306',1,3,98),(1594,'S0306',1,4,88),(1595,'S0307',6,1,85),(1596,'S0307',6,2,62),(1597,'S0307',6,3,76),(1598,'S0307',6,4,95),(1599,'S0307',5,1,65),(1600,'S0307',5,2,61),(1601,'S0307',5,3,90),(1602,'S0307',5,4,86),(1603,'S0307',4,1,61),(1604,'S0307',4,2,70),(1605,'S0307',4,3,64),(1606,'S0307',4,4,91),(1607,'S0307',3,1,83),(1608,'S0307',3,2,83),(1609,'S0307',3,3,63),(1610,'S0307',3,4,90),(1611,'S0307',2,1,77),(1612,'S0307',2,2,96),(1613,'S0307',2,3,68),(1614,'S0307',2,4,76),(1615,'S0307',1,1,75),(1616,'S0307',1,2,85),(1617,'S0307',1,3,60),(1618,'S0307',1,4,68),(1619,'S0308',6,1,99),(1620,'S0308',6,2,69),(1621,'S0308',6,3,69),(1622,'S0308',6,4,78),(1623,'S0308',5,1,85),(1624,'S0308',5,2,87),(1625,'S0308',5,3,82),(1626,'S0308',5,4,89),(1627,'S0308',4,1,99),(1628,'S0308',4,2,87),(1629,'S0308',4,3,79),(1630,'S0308',4,4,73),(1631,'S0308',3,1,70),(1632,'S0308',3,2,69),(1633,'S0308',3,3,75),(1634,'S0308',3,4,70),(1635,'S0308',2,1,66),(1636,'S0308',2,2,60),(1637,'S0308',2,3,82),(1638,'S0308',2,4,90),(1639,'S0308',1,1,62),(1640,'S0308',1,2,63),(1641,'S0308',1,3,69),(1642,'S0308',1,4,96),(1643,'S0309',6,1,92),(1644,'S0309',6,2,70),(1645,'S0309',6,3,99),(1646,'S0309',6,4,60),(1647,'S0309',5,1,66),(1648,'S0309',5,2,89),(1649,'S0309',5,3,65),(1650,'S0309',5,4,83),(1651,'S0309',4,1,77),(1652,'S0309',4,2,76),(1653,'S0309',4,3,92),(1654,'S0309',4,4,87),(1655,'S0309',3,1,60),(1656,'S0309',3,2,63),(1657,'S0309',3,3,76),(1658,'S0309',3,4,89),(1659,'S0309',2,1,75),(1660,'S0309',2,2,89),(1661,'S0309',2,3,80),(1662,'S0309',2,4,71),(1663,'S0309',1,1,97),(1664,'S0309',1,2,92),(1665,'S0309',1,3,67),(1666,'S0309',1,4,81),(1667,'S0310',6,1,62),(1668,'S0310',6,2,88),(1669,'S0310',6,3,74),(1670,'S0310',6,4,88),(1671,'S0310',5,1,76),(1672,'S0310',5,2,95),(1673,'S0310',5,3,68),(1674,'S0310',5,4,75),(1675,'S0310',4,1,70),(1676,'S0310',4,2,66),(1677,'S0310',4,3,100),(1678,'S0310',4,4,79),(1679,'S0310',3,1,77),(1680,'S0310',3,2,87),(1681,'S0310',3,3,64),(1682,'S0310',3,4,83),(1683,'S0310',2,1,79),(1684,'S0310',2,2,88),(1685,'S0310',2,3,61),(1686,'S0310',2,4,63),(1687,'S0310',1,1,73),(1688,'S0310',1,2,77),(1689,'S0310',1,3,64),(1690,'S0310',1,4,70),(1691,'S0311',6,1,100),(1692,'S0311',6,2,65),(1693,'S0311',6,3,89),(1694,'S0311',6,4,69),(1695,'S0311',5,1,100),(1696,'S0311',5,2,70),(1697,'S0311',5,3,72),(1698,'S0311',5,4,91),(1699,'S0311',4,1,98),(1700,'S0311',4,2,74),(1701,'S0311',4,3,97),(1702,'S0311',4,4,84),(1703,'S0311',3,1,68),(1704,'S0311',3,2,71),(1705,'S0311',3,3,89),(1706,'S0311',3,4,91),(1707,'S0311',2,1,89),(1708,'S0311',2,2,69),(1709,'S0311',2,3,61),(1710,'S0311',2,4,78),(1711,'S0311',1,1,68),(1712,'S0311',1,2,87),(1713,'S0311',1,3,89),(1714,'S0311',1,4,84),(1715,'S0312',6,1,98),(1716,'S0312',6,2,92),(1717,'S0312',6,3,80),(1718,'S0312',6,4,100),(1719,'S0312',5,1,78),(1720,'S0312',5,2,70),(1721,'S0312',5,3,100),(1722,'S0312',5,4,64),(1723,'S0312',4,1,83),(1724,'S0312',4,2,82),(1725,'S0312',4,3,61),(1726,'S0312',4,4,83),(1727,'S0312',3,1,91),(1728,'S0312',3,2,62),(1729,'S0312',3,3,100),(1730,'S0312',3,4,93),(1731,'S0312',2,1,64),(1732,'S0312',2,2,61),(1733,'S0312',2,3,98),(1734,'S0312',2,4,82),(1735,'S0312',1,1,99),(1736,'S0312',1,2,66),(1737,'S0312',1,3,94),(1738,'S0312',1,4,92),(1739,'S0313',6,1,77),(1740,'S0313',6,2,92),(1741,'S0313',6,3,87),(1742,'S0313',6,4,98),(1743,'S0313',5,1,89),(1744,'S0313',5,2,91),(1745,'S0313',5,3,85),(1746,'S0313',5,4,96),(1747,'S0313',4,1,81),(1748,'S0313',4,2,60),(1749,'S0313',4,3,77),(1750,'S0313',4,4,64),(1751,'S0313',3,1,71),(1752,'S0313',3,2,60),(1753,'S0313',3,3,71),(1754,'S0313',3,4,76),(1755,'S0313',2,1,65),(1756,'S0313',2,2,77),(1757,'S0313',2,3,91),(1758,'S0313',2,4,83),(1759,'S0313',1,1,84),(1760,'S0313',1,2,69),(1761,'S0313',1,3,75),(1762,'S0313',1,4,66),(1763,'S0314',6,1,96),(1764,'S0314',6,2,96),(1765,'S0314',6,3,96),(1766,'S0314',6,4,95),(1767,'S0314',5,1,99),(1768,'S0314',5,2,96),(1769,'S0314',5,3,98),(1770,'S0314',5,4,98),(1771,'S0314',4,1,96),(1772,'S0314',4,2,95),(1773,'S0314',4,3,97),(1774,'S0314',4,4,98),(1775,'S0314',3,1,97),(1776,'S0314',3,2,97),(1777,'S0314',3,3,96),(1778,'S0314',3,4,98),(1779,'S0314',2,1,98),(1780,'S0314',2,2,95),(1781,'S0314',2,3,98),(1782,'S0314',2,4,97),(1783,'S0314',1,1,97),(1784,'S0314',1,2,99),(1785,'S0314',1,3,96),(1786,'S0314',1,4,98),(1787,'S0315',6,1,89),(1788,'S0315',6,2,88),(1789,'S0315',6,3,72),(1790,'S0315',6,4,78),(1791,'S0315',5,1,75),(1792,'S0315',5,2,82),(1793,'S0315',5,3,84),(1794,'S0315',5,4,73),(1795,'S0315',4,1,95),(1796,'S0315',4,2,72),(1797,'S0315',4,3,96),(1798,'S0315',4,4,85),(1799,'S0315',3,1,77),(1800,'S0315',3,2,71),(1801,'S0315',3,3,65),(1802,'S0315',3,4,91),(1803,'S0315',2,1,79),(1804,'S0315',2,2,63),(1805,'S0315',2,3,61),(1806,'S0315',2,4,96),(1807,'S0315',1,1,75),(1808,'S0315',1,2,66),(1809,'S0315',1,3,88),(1810,'S0315',1,4,99),(1811,'S0316',6,1,90),(1812,'S0316',6,2,95),(1813,'S0316',6,3,62),(1814,'S0316',6,4,90),(1815,'S0316',5,1,79),(1816,'S0316',5,2,67),(1817,'S0316',5,3,78),(1818,'S0316',5,4,89),(1819,'S0316',4,1,69),(1820,'S0316',4,2,62),(1821,'S0316',4,3,84),(1822,'S0316',4,4,90),(1823,'S0316',3,1,100),(1824,'S0316',3,2,88),(1825,'S0316',3,3,80),(1826,'S0316',3,4,75),(1827,'S0316',2,1,79),(1828,'S0316',2,2,66),(1829,'S0316',2,3,77),(1830,'S0316',2,4,88),(1831,'S0316',1,1,64),(1832,'S0316',1,2,82),(1833,'S0316',1,3,73),(1834,'S0316',1,4,62),(1835,'S0317',6,1,72),(1836,'S0317',6,2,73),(1837,'S0317',6,3,63),(1838,'S0317',6,4,52),(1839,'S0317',5,1,85),(1840,'S0317',5,2,92),(1841,'S0317',5,3,63),(1842,'S0317',5,4,61),(1843,'S0317',4,1,98),(1844,'S0317',4,2,85),(1845,'S0317',4,3,69),(1846,'S0317',4,4,74),(1847,'S0317',3,1,64),(1848,'S0317',3,2,76),(1849,'S0317',3,3,88),(1850,'S0317',3,4,71),(1851,'S0317',2,1,72),(1852,'S0317',2,2,89),(1853,'S0317',2,3,88),(1854,'S0317',2,4,73),(1855,'S0317',1,1,82),(1856,'S0317',1,2,91),(1857,'S0317',1,3,66),(1858,'S0317',1,4,80),(1859,'S0318',6,1,60),(1860,'S0318',6,2,67),(1861,'S0318',6,3,67),(1862,'S0318',6,4,62),(1863,'S0318',5,1,60),(1864,'S0318',5,2,65),(1865,'S0318',5,3,65),(1866,'S0318',5,4,67),(1867,'S0318',4,1,63),(1868,'S0318',4,2,63),(1869,'S0318',4,3,64),(1870,'S0318',4,4,63),(1871,'S0318',3,1,62),(1872,'S0318',3,2,60),(1873,'S0318',3,3,65),(1874,'S0318',3,4,67),(1875,'S0318',2,1,67),(1876,'S0318',2,2,65),(1877,'S0318',2,3,66),(1878,'S0318',2,4,62),(1879,'S0318',1,1,61),(1880,'S0318',1,2,62),(1881,'S0318',1,3,66),(1882,'S0318',1,4,65),(1883,'S0319',6,1,97),(1884,'S0319',6,2,98),(1885,'S0319',6,3,97),(1886,'S0319',6,4,95),(1887,'S0319',5,1,97),(1888,'S0319',5,2,95),(1889,'S0319',5,3,97),(1890,'S0319',5,4,95),(1891,'S0319',4,1,95),(1892,'S0319',4,2,99),(1893,'S0319',4,3,98),(1894,'S0319',4,4,97),(1895,'S0319',3,1,97),(1896,'S0319',3,2,99),(1897,'S0319',3,3,95),(1898,'S0319',3,4,97),(1899,'S0319',2,1,97),(1900,'S0319',2,2,97),(1901,'S0319',2,3,98),(1902,'S0319',2,4,99),(1903,'S0319',1,1,97),(1904,'S0319',1,2,96),(1905,'S0319',1,3,98),(1906,'S0319',1,4,95),(1907,'S0320',6,1,67),(1908,'S0320',6,2,96),(1909,'S0320',6,3,95),(1910,'S0320',6,4,90),(1911,'S0320',5,1,62),(1912,'S0320',5,2,61),(1913,'S0320',5,3,62),(1914,'S0320',5,4,68),(1915,'S0320',4,1,96),(1916,'S0320',4,2,91),(1917,'S0320',4,3,66),(1918,'S0320',4,4,79),(1919,'S0320',3,1,99),(1920,'S0320',3,2,75),(1921,'S0320',3,3,100),(1922,'S0320',3,4,93),(1923,'S0320',2,1,64),(1924,'S0320',2,2,66),(1925,'S0320',2,3,75),(1926,'S0320',2,4,78),(1927,'S0320',1,1,62),(1928,'S0320',1,2,60),(1929,'S0320',1,3,96),(1930,'S0320',1,4,78),(1931,'S0321',6,1,80),(1932,'S0321',6,2,68),(1933,'S0321',6,3,82),(1934,'S0321',6,4,66),(1935,'S0321',5,1,62),(1936,'S0321',5,2,94),(1937,'S0321',5,3,100),(1938,'S0321',5,4,79),(1939,'S0321',4,1,77),(1940,'S0321',4,2,86),(1941,'S0321',4,3,60),(1942,'S0321',4,4,66),(1943,'S0321',3,1,87),(1944,'S0321',3,2,95),(1945,'S0321',3,3,76),(1946,'S0321',3,4,74),(1947,'S0321',2,1,84),(1948,'S0321',2,2,95),(1949,'S0321',2,3,82),(1950,'S0321',2,4,65),(1951,'S0321',1,1,63),(1952,'S0321',1,2,100),(1953,'S0321',1,3,88),(1954,'S0321',1,4,80),(1955,'S0322',6,1,77),(1956,'S0322',6,2,85),(1957,'S0322',6,3,92),(1958,'S0322',6,4,66),(1959,'S0322',5,1,75),(1960,'S0322',5,2,76),(1961,'S0322',5,3,97),(1962,'S0322',5,4,76),(1963,'S0322',4,1,69),(1964,'S0322',4,2,99),(1965,'S0322',4,3,64),(1966,'S0322',4,4,85),(1967,'S0322',3,1,95),(1968,'S0322',3,2,75),(1969,'S0322',3,3,74),(1970,'S0322',3,4,85),(1971,'S0322',2,1,100),(1972,'S0322',2,2,65),(1973,'S0322',2,3,88),(1974,'S0322',2,4,62),(1975,'S0322',1,1,70),(1976,'S0322',1,2,63),(1977,'S0322',1,3,86),(1978,'S0322',1,4,60),(1979,'S0323',6,1,65),(1980,'S0323',6,2,86),(1981,'S0323',6,3,94),(1982,'S0323',6,4,69),(1983,'S0323',5,1,84),(1984,'S0323',5,2,73),(1985,'S0323',5,3,95),(1986,'S0323',5,4,72),(1987,'S0323',4,1,100),(1988,'S0323',4,2,99),(1989,'S0323',4,3,95),(1990,'S0323',4,4,79),(1991,'S0323',3,1,89),(1992,'S0323',3,2,68),(1993,'S0323',3,3,94),(1994,'S0323',3,4,83),(1995,'S0323',2,1,75),(1996,'S0323',2,2,67),(1997,'S0323',2,3,91),(1998,'S0323',2,4,72),(1999,'S0323',1,1,70),(2000,'S0323',1,2,72),(2001,'S0323',1,3,91),(2002,'S0323',1,4,98),(2003,'S0324',6,1,75),(2004,'S0324',6,2,62),(2005,'S0324',6,3,51),(2006,'S0324',6,4,51),(2007,'S0324',5,1,64),(2008,'S0324',5,2,74),(2009,'S0324',5,3,78),(2010,'S0324',5,4,68),(2011,'S0324',4,1,85),(2012,'S0324',4,2,82),(2013,'S0324',4,3,93),(2014,'S0324',4,4,77),(2015,'S0324',3,1,90),(2016,'S0324',3,2,78),(2017,'S0324',3,3,100),(2018,'S0324',3,4,85),(2019,'S0324',2,1,67),(2020,'S0324',2,2,99),(2021,'S0324',2,3,72),(2022,'S0324',2,4,86),(2023,'S0324',1,1,72),(2024,'S0324',1,2,82),(2025,'S0324',1,3,93),(2026,'S0324',1,4,77),(2027,'S0325',6,1,92),(2028,'S0325',6,2,97),(2029,'S0325',6,3,97),(2030,'S0325',6,4,71),(2031,'S0325',5,1,86),(2032,'S0325',5,2,75),(2033,'S0325',5,3,97),(2034,'S0325',5,4,80),(2035,'S0325',4,1,88),(2036,'S0325',4,2,61),(2037,'S0325',4,3,62),(2038,'S0325',4,4,70),(2039,'S0325',3,1,62),(2040,'S0325',3,2,82),(2041,'S0325',3,3,80),(2042,'S0325',3,4,98),(2043,'S0325',2,1,65),(2044,'S0325',2,2,95),(2045,'S0325',2,3,99),(2046,'S0325',2,4,68),(2047,'S0325',1,1,63),(2048,'S0325',1,2,95),(2049,'S0325',1,3,61),(2050,'S0325',1,4,83),(2051,'S0326',6,1,92),(2052,'S0326',6,2,70),(2053,'S0326',6,3,96),(2054,'S0326',6,4,86),(2055,'S0326',5,1,83),(2056,'S0326',5,2,99),(2057,'S0326',5,3,61),(2058,'S0326',5,4,71),(2059,'S0326',4,1,74),(2060,'S0326',4,2,98),(2061,'S0326',4,3,85),(2062,'S0326',4,4,72),(2063,'S0326',3,1,85),(2064,'S0326',3,2,66),(2065,'S0326',3,3,100),(2066,'S0326',3,4,78),(2067,'S0326',2,1,72),(2068,'S0326',2,2,66),(2069,'S0326',2,3,96),(2070,'S0326',2,4,97),(2071,'S0326',1,1,99),(2072,'S0326',1,2,60),(2073,'S0326',1,3,70),(2074,'S0326',1,4,67),(2075,'S0327',6,1,65),(2076,'S0327',6,2,65),(2077,'S0327',6,3,71),(2078,'S0327',6,4,100),(2079,'S0327',5,1,63),(2080,'S0327',5,2,77),(2081,'S0327',5,3,98),(2082,'S0327',5,4,76),(2083,'S0327',4,1,68),(2084,'S0327',4,2,91),(2085,'S0327',4,3,70),(2086,'S0327',4,4,60),(2087,'S0327',3,1,70),(2088,'S0327',3,2,69),(2089,'S0327',3,3,76),(2090,'S0327',3,4,74),(2091,'S0327',2,1,80),(2092,'S0327',2,2,80),(2093,'S0327',2,3,99),(2094,'S0327',2,4,75),(2095,'S0327',1,1,98),(2096,'S0327',1,2,84),(2097,'S0327',1,3,65),(2098,'S0327',1,4,97),(2099,'S0328',6,1,66),(2100,'S0328',6,2,62),(2101,'S0328',6,3,94),(2102,'S0328',6,4,61),(2103,'S0328',5,1,85),(2104,'S0328',5,2,100),(2105,'S0328',5,3,65),(2106,'S0328',5,4,87),(2107,'S0328',4,1,100),(2108,'S0328',4,2,95),(2109,'S0328',4,3,74),(2110,'S0328',4,4,67),(2111,'S0328',3,1,95),(2112,'S0328',3,2,92),(2113,'S0328',3,3,76),(2114,'S0328',3,4,84),(2115,'S0328',2,1,91),(2116,'S0328',2,2,62),(2117,'S0328',2,3,98),(2118,'S0328',2,4,84),(2119,'S0328',1,1,66),(2120,'S0328',1,2,99),(2121,'S0328',1,3,76),(2122,'S0328',1,4,62),(2123,'S0329',6,1,63),(2124,'S0329',6,2,69),(2125,'S0329',6,3,96),(2126,'S0329',6,4,93),(2127,'S0329',5,1,74),(2128,'S0329',5,2,72),(2129,'S0329',5,3,80),(2130,'S0329',5,4,84),(2131,'S0329',4,1,78),(2132,'S0329',4,2,79),(2133,'S0329',4,3,63),(2134,'S0329',4,4,98),(2135,'S0329',3,1,77),(2136,'S0329',3,2,73),(2137,'S0329',3,3,74),(2138,'S0329',3,4,93),(2139,'S0329',2,1,99),(2140,'S0329',2,2,75),(2141,'S0329',2,3,100),(2142,'S0329',2,4,94),(2143,'S0329',1,1,69),(2144,'S0329',1,2,86),(2145,'S0329',1,3,79),(2146,'S0329',1,4,79),(2147,'S0330',6,1,100),(2148,'S0330',6,2,81),(2149,'S0330',6,3,64),(2150,'S0330',6,4,60),(2151,'S0330',5,1,97),(2152,'S0330',5,2,70),(2153,'S0330',5,3,78),(2154,'S0330',5,4,83),(2155,'S0330',4,1,78),(2156,'S0330',4,2,83),(2157,'S0330',4,3,81),(2158,'S0330',4,4,95),(2159,'S0330',3,1,91),(2160,'S0330',3,2,68),(2161,'S0330',3,3,90),(2162,'S0330',3,4,63),(2163,'S0330',2,1,70),(2164,'S0330',2,2,99),(2165,'S0330',2,3,62),(2166,'S0330',2,4,76),(2167,'S0330',1,1,93),(2168,'S0330',1,2,95),(2169,'S0330',1,3,95),(2170,'S0330',1,4,91),(2171,'S0401',6,1,70),(2172,'S0401',6,2,100),(2173,'S0401',6,3,65),(2174,'S0401',6,4,88),(2175,'S0401',5,1,65),(2176,'S0401',5,2,84),(2177,'S0401',5,3,80),(2178,'S0401',5,4,92),(2179,'S0401',4,1,76),(2180,'S0401',4,2,87),(2181,'S0401',4,3,67),(2182,'S0401',4,4,94),(2183,'S0401',3,1,86),(2184,'S0401',3,2,90),(2185,'S0401',3,3,93),(2186,'S0401',3,4,92),(2187,'S0401',2,1,82),(2188,'S0401',2,2,73),(2189,'S0401',2,3,100),(2190,'S0401',2,4,60),(2191,'S0401',1,1,63),(2192,'S0401',1,2,76),(2193,'S0401',1,3,91),(2194,'S0401',1,4,87),(2195,'S0402',6,1,100),(2196,'S0402',6,2,96),(2197,'S0402',6,3,83),(2198,'S0402',6,4,65),(2199,'S0402',5,1,60),(2200,'S0402',5,2,85),(2201,'S0402',5,3,64),(2202,'S0402',5,4,85),(2203,'S0402',4,1,94),(2204,'S0402',4,2,73),(2205,'S0402',4,3,64),(2206,'S0402',4,4,84),(2207,'S0402',3,1,86),(2208,'S0402',3,2,76),(2209,'S0402',3,3,62),(2210,'S0402',3,4,63),(2211,'S0402',2,1,72),(2212,'S0402',2,2,70),(2213,'S0402',2,3,73),(2214,'S0402',2,4,98),(2215,'S0402',1,1,88),(2216,'S0402',1,2,88),(2217,'S0402',1,3,74),(2218,'S0402',1,4,88),(2219,'S0403',6,1,77),(2220,'S0403',6,2,60),(2221,'S0403',6,3,92),(2222,'S0403',6,4,98),(2223,'S0403',5,1,73),(2224,'S0403',5,2,93),(2225,'S0403',5,3,65),(2226,'S0403',5,4,67),(2227,'S0403',4,1,81),(2228,'S0403',4,2,60),(2229,'S0403',4,3,83),(2230,'S0403',4,4,92),(2231,'S0403',3,1,68),(2232,'S0403',3,2,87),(2233,'S0403',3,3,89),(2234,'S0403',3,4,84),(2235,'S0403',2,1,94),(2236,'S0403',2,2,76),(2237,'S0403',2,3,81),(2238,'S0403',2,4,75),(2239,'S0403',1,1,72),(2240,'S0403',1,2,75),(2241,'S0403',1,3,61),(2242,'S0403',1,4,100),(2243,'S0404',6,1,96),(2244,'S0404',6,2,79),(2245,'S0404',6,3,90),(2246,'S0404',6,4,71),(2247,'S0404',5,1,66),(2248,'S0404',5,2,98),(2249,'S0404',5,3,68),(2250,'S0404',5,4,67),(2251,'S0404',4,1,75),(2252,'S0404',4,2,71),(2253,'S0404',4,3,73),(2254,'S0404',4,4,92),(2255,'S0404',3,1,60),(2256,'S0404',3,2,85),(2257,'S0404',3,3,65),(2258,'S0404',3,4,91),(2259,'S0404',2,1,78),(2260,'S0404',2,2,98),(2261,'S0404',2,3,72),(2262,'S0404',2,4,90),(2263,'S0404',1,1,93),(2264,'S0404',1,2,96),(2265,'S0404',1,3,99),(2266,'S0404',1,4,66),(2267,'S0405',6,1,97),(2268,'S0405',6,2,63),(2269,'S0405',6,3,88),(2270,'S0405',6,4,69),(2271,'S0405',5,1,61),(2272,'S0405',5,2,80),(2273,'S0405',5,3,77),(2274,'S0405',5,4,86),(2275,'S0405',4,1,97),(2276,'S0405',4,2,85),(2277,'S0405',4,3,76),(2278,'S0405',4,4,64),(2279,'S0405',3,1,76),(2280,'S0405',3,2,86),(2281,'S0405',3,3,61),(2282,'S0405',3,4,69),(2283,'S0405',2,1,61),(2284,'S0405',2,2,80),(2285,'S0405',2,3,77),(2286,'S0405',2,4,83),(2287,'S0405',1,1,86),(2288,'S0405',1,2,78),(2289,'S0405',1,3,72),(2290,'S0405',1,4,68),(2291,'S0406',6,1,65),(2292,'S0406',6,2,100),(2293,'S0406',6,3,83),(2294,'S0406',6,4,97),(2295,'S0406',5,1,93),(2296,'S0406',5,2,74),(2297,'S0406',5,3,74),(2298,'S0406',5,4,89),(2299,'S0406',4,1,79),(2300,'S0406',4,2,71),(2301,'S0406',4,3,98),(2302,'S0406',4,4,94),(2303,'S0406',3,1,74),(2304,'S0406',3,2,72),(2305,'S0406',3,3,77),(2306,'S0406',3,4,68),(2307,'S0406',2,1,93),(2308,'S0406',2,2,77),(2309,'S0406',2,3,88),(2310,'S0406',2,4,68),(2311,'S0406',1,1,98),(2312,'S0406',1,2,62),(2313,'S0406',1,3,79),(2314,'S0406',1,4,69),(2315,'S0407',6,1,87),(2316,'S0407',6,2,87),(2317,'S0407',6,3,74),(2318,'S0407',6,4,91),(2319,'S0407',5,1,91),(2320,'S0407',5,2,83),(2321,'S0407',5,3,81),(2322,'S0407',5,4,96),(2323,'S0407',4,1,95),(2324,'S0407',4,2,89),(2325,'S0407',4,3,98),(2326,'S0407',4,4,82),(2327,'S0407',3,1,99),(2328,'S0407',3,2,65),(2329,'S0407',3,3,93),(2330,'S0407',3,4,87),(2331,'S0407',2,1,98),(2332,'S0407',2,2,88),(2333,'S0407',2,3,87),(2334,'S0407',2,4,68),(2335,'S0407',1,1,60),(2336,'S0407',1,2,80),(2337,'S0407',1,3,76),(2338,'S0407',1,4,83),(2339,'S0408',6,1,85),(2340,'S0408',6,2,77),(2341,'S0408',6,3,70),(2342,'S0408',6,4,100),(2343,'S0408',5,1,68),(2344,'S0408',5,2,61),(2345,'S0408',5,3,85),(2346,'S0408',5,4,99),(2347,'S0408',4,1,99),(2348,'S0408',4,2,99),(2349,'S0408',4,3,96),(2350,'S0408',4,4,82),(2351,'S0408',3,1,64),(2352,'S0408',3,2,96),(2353,'S0408',3,3,64),(2354,'S0408',3,4,96),(2355,'S0408',2,1,66),(2356,'S0408',2,2,65),(2357,'S0408',2,3,67),(2358,'S0408',2,4,79),(2359,'S0408',1,1,96),(2360,'S0408',1,2,60),(2361,'S0408',1,3,74),(2362,'S0408',1,4,92),(2363,'S0409',6,1,96),(2364,'S0409',6,2,62),(2365,'S0409',6,3,88),(2366,'S0409',6,4,68),(2367,'S0409',5,1,100),(2368,'S0409',5,2,72),(2369,'S0409',5,3,82),(2370,'S0409',5,4,92),(2371,'S0409',4,1,75),(2372,'S0409',4,2,81),(2373,'S0409',4,3,78),(2374,'S0409',4,4,89),(2375,'S0409',3,1,69),(2376,'S0409',3,2,98),(2377,'S0409',3,3,62),(2378,'S0409',3,4,80),(2379,'S0409',2,1,73),(2380,'S0409',2,2,65),(2381,'S0409',2,3,87),(2382,'S0409',2,4,100),(2383,'S0409',1,1,95),(2384,'S0409',1,2,76),(2385,'S0409',1,3,77),(2386,'S0409',1,4,98),(2387,'S0410',6,1,99),(2388,'S0410',6,2,96),(2389,'S0410',6,3,98),(2390,'S0410',6,4,96),(2391,'S0410',5,1,97),(2392,'S0410',5,2,98),(2393,'S0410',5,3,97),(2394,'S0410',5,4,96),(2395,'S0410',4,1,95),(2396,'S0410',4,2,96),(2397,'S0410',4,3,97),(2398,'S0410',4,4,98),(2399,'S0410',3,1,96),(2400,'S0410',3,2,95),(2401,'S0410',3,3,97),(2402,'S0410',3,4,96),(2403,'S0410',2,1,96),(2404,'S0410',2,2,96),(2405,'S0410',2,3,98),(2406,'S0410',2,4,98),(2407,'S0410',1,1,98),(2408,'S0410',1,2,98),(2409,'S0410',1,3,99),(2410,'S0410',1,4,96),(2411,'S0411',6,1,94),(2412,'S0411',6,2,97),(2413,'S0411',6,3,51),(2414,'S0411',6,4,53),(2415,'S0411',5,1,95),(2416,'S0411',5,2,79),(2417,'S0411',5,3,91),(2418,'S0411',5,4,75),(2419,'S0411',4,1,85),(2420,'S0411',4,2,100),(2421,'S0411',4,3,63),(2422,'S0411',4,4,76),(2423,'S0411',3,1,93),(2424,'S0411',3,2,94),(2425,'S0411',3,3,92),(2426,'S0411',3,4,75),(2427,'S0411',2,1,81),(2428,'S0411',2,2,78),(2429,'S0411',2,3,90),(2430,'S0411',2,4,74),(2431,'S0411',1,1,80),(2432,'S0411',1,2,78),(2433,'S0411',1,3,93),(2434,'S0411',1,4,87),(2435,'S0412',6,1,99),(2436,'S0412',6,2,91),(2437,'S0412',6,3,100),(2438,'S0412',6,4,84),(2439,'S0412',5,1,60),(2440,'S0412',5,2,71),(2441,'S0412',5,3,76),(2442,'S0412',5,4,65),(2443,'S0412',4,1,77),(2444,'S0412',4,2,92),(2445,'S0412',4,3,85),(2446,'S0412',4,4,93),(2447,'S0412',3,1,65),(2448,'S0412',3,2,70),(2449,'S0412',3,3,95),(2450,'S0412',3,4,84),(2451,'S0412',2,1,73),(2452,'S0412',2,2,95),(2453,'S0412',2,3,76),(2454,'S0412',2,4,74),(2455,'S0412',1,1,85),(2456,'S0412',1,2,99),(2457,'S0412',1,3,60),(2458,'S0412',1,4,67),(2459,'S0413',6,1,95),(2460,'S0413',6,2,91),(2461,'S0413',6,3,71),(2462,'S0413',6,4,65),(2463,'S0413',5,1,90),(2464,'S0413',5,2,74),(2465,'S0413',5,3,83),(2466,'S0413',5,4,90),(2467,'S0413',4,1,62),(2468,'S0413',4,2,60),(2469,'S0413',4,3,97),(2470,'S0413',4,4,81),(2471,'S0413',3,1,96),(2472,'S0413',3,2,96),(2473,'S0413',3,3,90),(2474,'S0413',3,4,62),(2475,'S0413',2,1,62),(2476,'S0413',2,2,63),(2477,'S0413',2,3,70),(2478,'S0413',2,4,61),(2479,'S0413',1,1,78),(2480,'S0413',1,2,66),(2481,'S0413',1,3,78),(2482,'S0413',1,4,89),(2483,'S0414',6,1,69),(2484,'S0414',6,2,62),(2485,'S0414',6,3,85),(2486,'S0414',6,4,98),(2487,'S0414',5,1,93),(2488,'S0414',5,2,72),(2489,'S0414',5,3,60),(2490,'S0414',5,4,66),(2491,'S0414',4,1,91),(2492,'S0414',4,2,73),(2493,'S0414',4,3,73),(2494,'S0414',4,4,89),(2495,'S0414',3,1,83),(2496,'S0414',3,2,90),(2497,'S0414',3,3,99),(2498,'S0414',3,4,83),(2499,'S0414',2,1,98),(2500,'S0414',2,2,62),(2501,'S0414',2,3,79),(2502,'S0414',2,4,65),(2503,'S0414',1,1,73),(2504,'S0414',1,2,66),(2505,'S0414',1,3,94),(2506,'S0414',1,4,91),(2507,'S0415',6,1,64),(2508,'S0415',6,2,65),(2509,'S0415',6,3,61),(2510,'S0415',6,4,63),(2511,'S0415',5,1,68),(2512,'S0415',5,2,64),(2513,'S0415',5,3,65),(2514,'S0415',5,4,62),(2515,'S0415',4,1,68),(2516,'S0415',4,2,61),(2517,'S0415',4,3,61),(2518,'S0415',4,4,63),(2519,'S0415',3,1,60),(2520,'S0415',3,2,63),(2521,'S0415',3,3,63),(2522,'S0415',3,4,67),(2523,'S0415',2,1,67),(2524,'S0415',2,2,64),(2525,'S0415',2,3,68),(2526,'S0415',2,4,60),(2527,'S0415',1,1,66),(2528,'S0415',1,2,70),(2529,'S0415',1,3,60),(2530,'S0415',1,4,62),(2531,'S0416',6,1,97),(2532,'S0416',6,2,80),(2533,'S0416',6,3,90),(2534,'S0416',6,4,69),(2535,'S0416',5,1,99),(2536,'S0416',5,2,65),(2537,'S0416',5,3,90),(2538,'S0416',5,4,74),(2539,'S0416',4,1,82),(2540,'S0416',4,2,86),(2541,'S0416',4,3,85),(2542,'S0416',4,4,67),(2543,'S0416',3,1,61),(2544,'S0416',3,2,85),(2545,'S0416',3,3,100),(2546,'S0416',3,4,65),(2547,'S0416',2,1,86),(2548,'S0416',2,2,95),(2549,'S0416',2,3,73),(2550,'S0416',2,4,64),(2551,'S0416',1,1,82),(2552,'S0416',1,2,76),(2553,'S0416',1,3,73),(2554,'S0416',1,4,78),(2555,'S0417',6,1,72),(2556,'S0417',6,2,64),(2557,'S0417',6,3,88),(2558,'S0417',6,4,67),(2559,'S0417',5,1,90),(2560,'S0417',5,2,68),(2561,'S0417',5,3,90),(2562,'S0417',5,4,67),(2563,'S0417',4,1,87),(2564,'S0417',4,2,90),(2565,'S0417',4,3,89),(2566,'S0417',4,4,75),(2567,'S0417',3,1,91),(2568,'S0417',3,2,88),(2569,'S0417',3,3,65),(2570,'S0417',3,4,84),(2571,'S0417',2,1,82),(2572,'S0417',2,2,99),(2573,'S0417',2,3,65),(2574,'S0417',2,4,94),(2575,'S0417',1,1,94),(2576,'S0417',1,2,85),(2577,'S0417',1,3,85),(2578,'S0417',1,4,67),(2579,'S0418',6,1,65),(2580,'S0418',6,2,62),(2581,'S0418',6,3,99),(2582,'S0418',6,4,85),(2583,'S0418',5,1,69),(2584,'S0418',5,2,71),(2585,'S0418',5,3,87),(2586,'S0418',5,4,82),(2587,'S0418',4,1,90),(2588,'S0418',4,2,63),(2589,'S0418',4,3,67),(2590,'S0418',4,4,88),(2591,'S0418',3,1,96),(2592,'S0418',3,2,74),(2593,'S0418',3,3,62),(2594,'S0418',3,4,73),(2595,'S0418',2,1,76),(2596,'S0418',2,2,62),(2597,'S0418',2,3,61),(2598,'S0418',2,4,61),(2599,'S0418',1,1,63),(2600,'S0418',1,2,74),(2601,'S0418',1,3,79),(2602,'S0418',1,4,74),(2603,'S0419',6,1,71),(2604,'S0419',6,2,73),(2605,'S0419',6,3,94),(2606,'S0419',6,4,70),(2607,'S0419',5,1,90),(2608,'S0419',5,2,98),(2609,'S0419',5,3,80),(2610,'S0419',5,4,88),(2611,'S0419',4,1,100),(2612,'S0419',4,2,95),(2613,'S0419',4,3,72),(2614,'S0419',4,4,97),(2615,'S0419',3,1,88),(2616,'S0419',3,2,91),(2617,'S0419',3,3,89),(2618,'S0419',3,4,71),(2619,'S0419',2,1,72),(2620,'S0419',2,2,85),(2621,'S0419',2,3,66),(2622,'S0419',2,4,60),(2623,'S0419',1,1,80),(2624,'S0419',1,2,81),(2625,'S0419',1,3,63),(2626,'S0419',1,4,97),(2627,'S0420',6,1,71),(2628,'S0420',6,2,88),(2629,'S0420',6,3,86),(2630,'S0420',6,4,64),(2631,'S0420',5,1,86),(2632,'S0420',5,2,95),(2633,'S0420',5,3,78),(2634,'S0420',5,4,83),(2635,'S0420',4,1,83),(2636,'S0420',4,2,63),(2637,'S0420',4,3,88),(2638,'S0420',4,4,71),(2639,'S0420',3,1,73),(2640,'S0420',3,2,91),(2641,'S0420',3,3,96),(2642,'S0420',3,4,63),(2643,'S0420',2,1,93),(2644,'S0420',2,2,92),(2645,'S0420',2,3,81),(2646,'S0420',2,4,70),(2647,'S0420',1,1,88),(2648,'S0420',1,2,91),(2649,'S0420',1,3,87),(2650,'S0420',1,4,65),(2651,'S0421',6,1,85),(2652,'S0421',6,2,86),(2653,'S0421',6,3,78),(2654,'S0421',6,4,72),(2655,'S0421',5,1,68),(2656,'S0421',5,2,63),(2657,'S0421',5,3,92),(2658,'S0421',5,4,91),(2659,'S0421',4,1,75),(2660,'S0421',4,2,87),(2661,'S0421',4,3,67),(2662,'S0421',4,4,95),(2663,'S0421',3,1,91),(2664,'S0421',3,2,69),(2665,'S0421',3,3,94),(2666,'S0421',3,4,80),(2667,'S0421',2,1,100),(2668,'S0421',2,2,78),(2669,'S0421',2,3,73),(2670,'S0421',2,4,72),(2671,'S0421',1,1,79),(2672,'S0421',1,2,78),(2673,'S0421',1,3,94),(2674,'S0421',1,4,93),(2675,'S0422',6,1,84),(2676,'S0422',6,2,81),(2677,'S0422',6,3,95),(2678,'S0422',6,4,90),(2679,'S0422',5,1,66),(2680,'S0422',5,2,79),(2681,'S0422',5,3,100),(2682,'S0422',5,4,78),(2683,'S0422',4,1,71),(2684,'S0422',4,2,61),(2685,'S0422',4,3,76),(2686,'S0422',4,4,95),(2687,'S0422',3,1,65),(2688,'S0422',3,2,64),(2689,'S0422',3,3,66),(2690,'S0422',3,4,76),(2691,'S0422',2,1,83),(2692,'S0422',2,2,88),(2693,'S0422',2,3,88),(2694,'S0422',2,4,77),(2695,'S0422',1,1,63),(2696,'S0422',1,2,62),(2697,'S0422',1,3,64),(2698,'S0422',1,4,73),(2699,'S0423',6,1,61),(2700,'S0423',6,2,70),(2701,'S0423',6,3,64),(2702,'S0423',6,4,69),(2703,'S0423',5,1,64),(2704,'S0423',5,2,64),(2705,'S0423',5,3,68),(2706,'S0423',5,4,69),(2707,'S0423',4,1,70),(2708,'S0423',4,2,62),(2709,'S0423',4,3,70),(2710,'S0423',4,4,63),(2711,'S0423',3,1,66),(2712,'S0423',3,2,62),(2713,'S0423',3,3,69),(2714,'S0423',3,4,63),(2715,'S0423',2,1,64),(2716,'S0423',2,2,64),(2717,'S0423',2,3,67),(2718,'S0423',2,4,61),(2719,'S0423',1,1,66),(2720,'S0423',1,2,68),(2721,'S0423',1,3,61),(2722,'S0423',1,4,60),(2723,'S0424',6,1,65),(2724,'S0424',6,2,62),(2725,'S0424',6,3,62),(2726,'S0424',6,4,54),(2727,'S0424',5,1,91),(2728,'S0424',5,2,86),(2729,'S0424',5,3,97),(2730,'S0424',5,4,88),(2731,'S0424',4,1,87),(2732,'S0424',4,2,71),(2733,'S0424',4,3,77),(2734,'S0424',4,4,70),(2735,'S0424',3,1,60),(2736,'S0424',3,2,69),(2737,'S0424',3,3,68),(2738,'S0424',3,4,72),(2739,'S0424',2,1,95),(2740,'S0424',2,2,78),(2741,'S0424',2,3,85),(2742,'S0424',2,4,93),(2743,'S0424',1,1,69),(2744,'S0424',1,2,87),(2745,'S0424',1,3,85),(2746,'S0424',1,4,67),(2747,'S0425',6,1,100),(2748,'S0425',6,2,77),(2749,'S0425',6,3,51),(2750,'S0425',6,4,57),(2751,'S0425',5,1,95),(2752,'S0425',5,2,68),(2753,'S0425',5,3,80),(2754,'S0425',5,4,94),(2755,'S0425',4,1,89),(2756,'S0425',4,2,61),(2757,'S0425',4,3,63),(2758,'S0425',4,4,70),(2759,'S0425',3,1,62),(2760,'S0425',3,2,82),(2761,'S0425',3,3,80),(2762,'S0425',3,4,95),(2763,'S0425',2,1,96),(2764,'S0425',2,2,91),(2765,'S0425',2,3,69),(2766,'S0425',2,4,93),(2767,'S0425',1,1,75),(2768,'S0425',1,2,80),(2769,'S0425',1,3,72),(2770,'S0425',1,4,62),(2771,'S0426',6,1,74),(2772,'S0426',6,2,86),(2773,'S0426',6,3,66),(2774,'S0426',6,4,94),(2775,'S0426',5,1,91),(2776,'S0426',5,2,73),(2777,'S0426',5,3,73),(2778,'S0426',5,4,88),(2779,'S0426',4,1,77),(2780,'S0426',4,2,63),(2781,'S0426',4,3,65),(2782,'S0426',4,4,78),(2783,'S0426',3,1,94),(2784,'S0426',3,2,96),(2785,'S0426',3,3,95),(2786,'S0426',3,4,86),(2787,'S0426',2,1,88),(2788,'S0426',2,2,81),(2789,'S0426',2,3,82),(2790,'S0426',2,4,66),(2791,'S0426',1,1,66),(2792,'S0426',1,2,70),(2793,'S0426',1,3,96),(2794,'S0426',1,4,85),(2795,'S0427',6,1,94),(2796,'S0427',6,2,92),(2797,'S0427',6,3,81),(2798,'S0427',6,4,91),(2799,'S0427',5,1,72),(2800,'S0427',5,2,68),(2801,'S0427',5,3,64),(2802,'S0427',5,4,97),(2803,'S0427',4,1,69),(2804,'S0427',4,2,77),(2805,'S0427',4,3,76),(2806,'S0427',4,4,90),(2807,'S0427',3,1,81),(2808,'S0427',3,2,75),(2809,'S0427',3,3,71),(2810,'S0427',3,4,73),(2811,'S0427',2,1,90),(2812,'S0427',2,2,89),(2813,'S0427',2,3,77),(2814,'S0427',2,4,100),(2815,'S0427',1,1,87),(2816,'S0427',1,2,73),(2817,'S0427',1,3,86),(2818,'S0427',1,4,71),(2819,'S0428',6,1,97),(2820,'S0428',6,2,99),(2821,'S0428',6,3,96),(2822,'S0428',6,4,96),(2823,'S0428',5,1,96),(2824,'S0428',5,2,96),(2825,'S0428',5,3,97),(2826,'S0428',5,4,96),(2827,'S0428',4,1,99),(2828,'S0428',4,2,98),(2829,'S0428',4,3,96),(2830,'S0428',4,4,97),(2831,'S0428',3,1,95),(2832,'S0428',3,2,98),(2833,'S0428',3,3,95),(2834,'S0428',3,4,99),(2835,'S0428',2,1,96),(2836,'S0428',2,2,99),(2837,'S0428',2,3,98),(2838,'S0428',2,4,96),(2839,'S0428',1,1,97),(2840,'S0428',1,2,99),(2841,'S0428',1,3,96),(2842,'S0428',1,4,98),(2843,'S0429',6,1,75),(2844,'S0429',6,2,84),(2845,'S0429',6,3,96),(2846,'S0429',6,4,84),(2847,'S0429',5,1,75),(2848,'S0429',5,2,61),(2849,'S0429',5,3,63),(2850,'S0429',5,4,74),(2851,'S0429',4,1,79),(2852,'S0429',4,2,71),(2853,'S0429',4,3,99),(2854,'S0429',4,4,99),(2855,'S0429',3,1,97),(2856,'S0429',3,2,89),(2857,'S0429',3,3,94),(2858,'S0429',3,4,61),(2859,'S0429',2,1,89),(2860,'S0429',2,2,76),(2861,'S0429',2,3,98),(2862,'S0429',2,4,79),(2863,'S0429',1,1,80),(2864,'S0429',1,2,63),(2865,'S0429',1,3,96),(2866,'S0429',1,4,69),(2867,'S0430',6,1,94),(2868,'S0430',6,2,90),(2869,'S0430',6,3,67),(2870,'S0430',6,4,89),(2871,'S0430',5,1,61),(2872,'S0430',5,2,60),(2873,'S0430',5,3,98),(2874,'S0430',5,4,88),(2875,'S0430',4,1,85),(2876,'S0430',4,2,63),(2877,'S0430',4,3,82),(2878,'S0430',4,4,79),(2879,'S0430',3,1,90),(2880,'S0430',3,2,73),(2881,'S0430',3,3,75),(2882,'S0430',3,4,98),(2883,'S0430',2,1,80),(2884,'S0430',2,2,87),(2885,'S0430',2,3,97),(2886,'S0430',2,4,80),(2887,'S0430',1,1,91),(2888,'S0430',1,2,74),(2889,'S0430',1,3,77),(2890,'S0430',1,4,63),(2891,'S0501',6,1,64),(2892,'S0501',6,2,73),(2893,'S0501',6,3,53),(2894,'S0501',6,4,61),(2895,'S0501',5,1,62),(2896,'S0501',5,2,68),(2897,'S0501',5,3,94),(2898,'S0501',5,4,86),(2899,'S0501',4,1,85),(2900,'S0501',4,2,68),(2901,'S0501',4,3,67),(2902,'S0501',4,4,69),(2903,'S0501',3,1,88),(2904,'S0501',3,2,88),(2905,'S0501',3,3,78),(2906,'S0501',3,4,65),(2907,'S0501',2,1,75),(2908,'S0501',2,2,78),(2909,'S0501',2,3,65),(2910,'S0501',2,4,73),(2911,'S0501',1,1,69),(2912,'S0501',1,2,65),(2913,'S0501',1,3,99),(2914,'S0501',1,4,79),(2915,'S0502',6,1,81),(2916,'S0502',6,2,64),(2917,'S0502',6,3,63),(2918,'S0502',6,4,51),(2919,'S0502',5,1,97),(2920,'S0502',5,2,96),(2921,'S0502',5,3,86),(2922,'S0502',5,4,84),(2923,'S0502',4,1,62),(2924,'S0502',4,2,80),(2925,'S0502',4,3,73),(2926,'S0502',4,4,65),(2927,'S0502',3,1,88),(2928,'S0502',3,2,62),(2929,'S0502',3,3,71),(2930,'S0502',3,4,66),(2931,'S0502',2,1,98),(2932,'S0502',2,2,71),(2933,'S0502',2,3,80),(2934,'S0502',2,4,90),(2935,'S0502',1,1,66),(2936,'S0502',1,2,81),(2937,'S0502',1,3,69),(2938,'S0502',1,4,81),(2939,'S0503',6,1,98),(2940,'S0503',6,2,64),(2941,'S0503',6,3,91),(2942,'S0503',6,4,79),(2943,'S0503',5,1,63),(2944,'S0503',5,2,61),(2945,'S0503',5,3,98),(2946,'S0503',5,4,81),(2947,'S0503',4,1,95),(2948,'S0503',4,2,91),(2949,'S0503',4,3,69),(2950,'S0503',4,4,93),(2951,'S0503',3,1,76),(2952,'S0503',3,2,84),(2953,'S0503',3,3,92),(2954,'S0503',3,4,64),(2955,'S0503',2,1,68),(2956,'S0503',2,2,88),(2957,'S0503',2,3,93),(2958,'S0503',2,4,60),(2959,'S0503',1,1,87),(2960,'S0503',1,2,70),(2961,'S0503',1,3,71),(2962,'S0503',1,4,84),(2963,'S0504',6,1,70),(2964,'S0504',6,2,66),(2965,'S0504',6,3,60),(2966,'S0504',6,4,64),(2967,'S0504',5,1,61),(2968,'S0504',5,2,61),(2969,'S0504',5,3,64),(2970,'S0504',5,4,67),(2971,'S0504',4,1,63),(2972,'S0504',4,2,63),(2973,'S0504',4,3,68),(2974,'S0504',4,4,69),(2975,'S0504',3,1,62),(2976,'S0504',3,2,64),(2977,'S0504',3,3,64),(2978,'S0504',3,4,69),(2979,'S0504',2,1,64),(2980,'S0504',2,2,61),(2981,'S0504',2,3,63),(2982,'S0504',2,4,63),(2983,'S0504',1,1,68),(2984,'S0504',1,2,67),(2985,'S0504',1,3,64),(2986,'S0504',1,4,69),(2987,'S0505',6,1,63),(2988,'S0505',6,2,68),(2989,'S0505',6,3,94),(2990,'S0505',6,4,85),(2991,'S0505',5,1,80),(2992,'S0505',5,2,86),(2993,'S0505',5,3,89),(2994,'S0505',5,4,89),(2995,'S0505',4,1,74),(2996,'S0505',4,2,88),(2997,'S0505',4,3,75),(2998,'S0505',4,4,94),(2999,'S0505',3,1,64),(3000,'S0505',3,2,98),(3001,'S0505',3,3,77),(3002,'S0505',3,4,73),(3003,'S0505',2,1,74),(3004,'S0505',2,2,93),(3005,'S0505',2,3,100),(3006,'S0505',2,4,79),(3007,'S0505',1,1,77),(3008,'S0505',1,2,89),(3009,'S0505',1,3,72),(3010,'S0505',1,4,74),(3011,'S0506',6,1,93),(3012,'S0506',6,2,62),(3013,'S0506',6,3,96),(3014,'S0506',6,4,68),(3015,'S0506',5,1,76),(3016,'S0506',5,2,75),(3017,'S0506',5,3,87),(3018,'S0506',5,4,70),(3019,'S0506',4,1,71),(3020,'S0506',4,2,85),(3021,'S0506',4,3,70),(3022,'S0506',4,4,77),(3023,'S0506',3,1,74),(3024,'S0506',3,2,79),(3025,'S0506',3,3,73),(3026,'S0506',3,4,66),(3027,'S0506',2,1,96),(3028,'S0506',2,2,99),(3029,'S0506',2,3,65),(3030,'S0506',2,4,92),(3031,'S0506',1,1,83),(3032,'S0506',1,2,78),(3033,'S0506',1,3,80),(3034,'S0506',1,4,68),(3035,'S0507',6,1,83),(3036,'S0507',6,2,67),(3037,'S0507',6,3,68),(3038,'S0507',6,4,81),(3039,'S0507',5,1,98),(3040,'S0507',5,2,67),(3041,'S0507',5,3,64),(3042,'S0507',5,4,98),(3043,'S0507',4,1,75),(3044,'S0507',4,2,62),(3045,'S0507',4,3,67),(3046,'S0507',4,4,88),(3047,'S0507',3,1,97),(3048,'S0507',3,2,82),(3049,'S0507',3,3,61),(3050,'S0507',3,4,78),(3051,'S0507',2,1,68),(3052,'S0507',2,2,88),(3053,'S0507',2,3,95),(3054,'S0507',2,4,66),(3055,'S0507',1,1,71),(3056,'S0507',1,2,98),(3057,'S0507',1,3,91),(3058,'S0507',1,4,63),(3059,'S0508',6,1,63),(3060,'S0508',6,2,66),(3061,'S0508',6,3,84),(3062,'S0508',6,4,81),(3063,'S0508',5,1,91),(3064,'S0508',5,2,71),(3065,'S0508',5,3,62),(3066,'S0508',5,4,79),(3067,'S0508',4,1,68),(3068,'S0508',4,2,86),(3069,'S0508',4,3,83),(3070,'S0508',4,4,97),(3071,'S0508',3,1,97),(3072,'S0508',3,2,92),(3073,'S0508',3,3,70),(3074,'S0508',3,4,96),(3075,'S0508',2,1,88),(3076,'S0508',2,2,92),(3077,'S0508',2,3,97),(3078,'S0508',2,4,68),(3079,'S0508',1,1,72),(3080,'S0508',1,2,95),(3081,'S0508',1,3,78),(3082,'S0508',1,4,88),(3083,'S0509',6,1,62),(3084,'S0509',6,2,67),(3085,'S0509',6,3,91),(3086,'S0509',6,4,72),(3087,'S0509',5,1,70),(3088,'S0509',5,2,71),(3089,'S0509',5,3,89),(3090,'S0509',5,4,88),(3091,'S0509',4,1,73),(3092,'S0509',4,2,81),(3093,'S0509',4,3,87),(3094,'S0509',4,4,92),(3095,'S0509',3,1,100),(3096,'S0509',3,2,79),(3097,'S0509',3,3,80),(3098,'S0509',3,4,60),(3099,'S0509',2,1,82),(3100,'S0509',2,2,90),(3101,'S0509',2,3,61),(3102,'S0509',2,4,100),(3103,'S0509',1,1,94),(3104,'S0509',1,2,68),(3105,'S0509',1,3,80),(3106,'S0509',1,4,98),(3107,'S0510',6,1,98),(3108,'S0510',6,2,96),(3109,'S0510',6,3,96),(3110,'S0510',6,4,97),(3111,'S0510',5,1,97),(3112,'S0510',5,2,98),(3113,'S0510',5,3,97),(3114,'S0510',5,4,97),(3115,'S0510',4,1,97),(3116,'S0510',4,2,96),(3117,'S0510',4,3,98),(3118,'S0510',4,4,97),(3119,'S0510',3,1,98),(3120,'S0510',3,2,98),(3121,'S0510',3,3,99),(3122,'S0510',3,4,97),(3123,'S0510',2,1,96),(3124,'S0510',2,2,95),(3125,'S0510',2,3,95),(3126,'S0510',2,4,99),(3127,'S0510',1,1,98),(3128,'S0510',1,2,97),(3129,'S0510',1,3,99),(3130,'S0510',1,4,98),(3131,'S0511',6,1,69),(3132,'S0511',6,2,94),(3133,'S0511',6,3,81),(3134,'S0511',6,4,65),(3135,'S0511',5,1,65),(3136,'S0511',5,2,67),(3137,'S0511',5,3,81),(3138,'S0511',5,4,62),(3139,'S0511',4,1,90),(3140,'S0511',4,2,80),(3141,'S0511',4,3,72),(3142,'S0511',4,4,62),(3143,'S0511',3,1,75),(3144,'S0511',3,2,87),(3145,'S0511',3,3,69),(3146,'S0511',3,4,65),(3147,'S0511',2,1,99),(3148,'S0511',2,2,79),(3149,'S0511',2,3,76),(3150,'S0511',2,4,86),(3151,'S0511',1,1,61),(3152,'S0511',1,2,67),(3153,'S0511',1,3,94),(3154,'S0511',1,4,86),(3155,'S0512',6,1,88),(3156,'S0512',6,2,81),(3157,'S0512',6,3,83),(3158,'S0512',6,4,69),(3159,'S0512',5,1,80),(3160,'S0512',5,2,91),(3161,'S0512',5,3,72),(3162,'S0512',5,4,71),(3163,'S0512',4,1,80),(3164,'S0512',4,2,85),(3165,'S0512',4,3,86),(3166,'S0512',4,4,73),(3167,'S0512',3,1,90),(3168,'S0512',3,2,88),(3169,'S0512',3,3,69),(3170,'S0512',3,4,64),(3171,'S0512',2,1,96),(3172,'S0512',2,2,63),(3173,'S0512',2,3,89),(3174,'S0512',2,4,76),(3175,'S0512',1,1,96),(3176,'S0512',1,2,66),(3177,'S0512',1,3,66),(3178,'S0512',1,4,73),(3179,'S0513',6,1,66),(3180,'S0513',6,2,92),(3181,'S0513',6,3,82),(3182,'S0513',6,4,72),(3183,'S0513',5,1,98),(3184,'S0513',5,2,91),(3185,'S0513',5,3,60),(3186,'S0513',5,4,92),(3187,'S0513',4,1,96),(3188,'S0513',4,2,65),(3189,'S0513',4,3,97),(3190,'S0513',4,4,69),(3191,'S0513',3,1,77),(3192,'S0513',3,2,75),(3193,'S0513',3,3,87),(3194,'S0513',3,4,67),(3195,'S0513',2,1,98),(3196,'S0513',2,2,65),(3197,'S0513',2,3,94),(3198,'S0513',2,4,95),(3199,'S0513',1,1,89),(3200,'S0513',1,2,61),(3201,'S0513',1,3,60),(3202,'S0513',1,4,97),(3203,'S0514',6,1,82),(3204,'S0514',6,2,61),(3205,'S0514',6,3,82),(3206,'S0514',6,4,84),(3207,'S0514',5,1,72),(3208,'S0514',5,2,91),(3209,'S0514',5,3,96),(3210,'S0514',5,4,67),(3211,'S0514',4,1,67),(3212,'S0514',4,2,78),(3213,'S0514',4,3,87),(3214,'S0514',4,4,100),(3215,'S0514',3,1,97),(3216,'S0514',3,2,83),(3217,'S0514',3,3,68),(3218,'S0514',3,4,69),(3219,'S0514',2,1,83),(3220,'S0514',2,2,66),(3221,'S0514',2,3,63),(3222,'S0514',2,4,98),(3223,'S0514',1,1,77),(3224,'S0514',1,2,71),(3225,'S0514',1,3,66),(3226,'S0514',1,4,97),(3227,'S0515',6,1,64),(3228,'S0515',6,2,94),(3229,'S0515',6,3,93),(3230,'S0515',6,4,85),(3231,'S0515',5,1,84),(3232,'S0515',5,2,67),(3233,'S0515',5,3,62),(3234,'S0515',5,4,91),(3235,'S0515',4,1,87),(3236,'S0515',4,2,60),(3237,'S0515',4,3,63),(3238,'S0515',4,4,76),(3239,'S0515',3,1,91),(3240,'S0515',3,2,86),(3241,'S0515',3,3,95),(3242,'S0515',3,4,76),(3243,'S0515',2,1,76),(3244,'S0515',2,2,91),(3245,'S0515',2,3,89),(3246,'S0515',2,4,69),(3247,'S0515',1,1,100),(3248,'S0515',1,2,72),(3249,'S0515',1,3,82),(3250,'S0515',1,4,92),(3251,'S0516',6,1,75),(3252,'S0516',6,2,80),(3253,'S0516',6,3,72),(3254,'S0516',6,4,64),(3255,'S0516',5,1,83),(3256,'S0516',5,2,84),(3257,'S0516',5,3,70),(3258,'S0516',5,4,80),(3259,'S0516',4,1,89),(3260,'S0516',4,2,63),(3261,'S0516',4,3,70),(3262,'S0516',4,4,62),(3263,'S0516',3,1,79),(3264,'S0516',3,2,69),(3265,'S0516',3,3,88),(3266,'S0516',3,4,94),(3267,'S0516',2,1,65),(3268,'S0516',2,2,65),(3269,'S0516',2,3,71),(3270,'S0516',2,4,61),(3271,'S0516',1,1,71),(3272,'S0516',1,2,70),(3273,'S0516',1,3,81),(3274,'S0516',1,4,92),(3275,'S0517',6,1,99),(3276,'S0517',6,2,93),(3277,'S0517',6,3,71),(3278,'S0517',6,4,71),(3279,'S0517',5,1,82),(3280,'S0517',5,2,95),(3281,'S0517',5,3,89),(3282,'S0517',5,4,100),(3283,'S0517',4,1,90),(3284,'S0517',4,2,93),(3285,'S0517',4,3,93),(3286,'S0517',4,4,87),(3287,'S0517',3,1,94),(3288,'S0517',3,2,68),(3289,'S0517',3,3,83),(3290,'S0517',3,4,69),(3291,'S0517',2,1,76),(3292,'S0517',2,2,72),(3293,'S0517',2,3,71),(3294,'S0517',2,4,82),(3295,'S0517',1,1,95),(3296,'S0517',1,2,88),(3297,'S0517',1,3,95),(3298,'S0517',1,4,70),(3299,'S0518',6,1,88),(3300,'S0518',6,2,90),(3301,'S0518',6,3,84),(3302,'S0518',6,4,90),(3303,'S0518',5,1,97),(3304,'S0518',5,2,75),(3305,'S0518',5,3,67),(3306,'S0518',5,4,90),(3307,'S0518',4,1,67),(3308,'S0518',4,2,88),(3309,'S0518',4,3,97),(3310,'S0518',4,4,79),(3311,'S0518',3,1,84),(3312,'S0518',3,2,83),(3313,'S0518',3,3,65),(3314,'S0518',3,4,98),(3315,'S0518',2,1,69),(3316,'S0518',2,2,76),(3317,'S0518',2,3,71),(3318,'S0518',2,4,69),(3319,'S0518',1,1,73),(3320,'S0518',1,2,96),(3321,'S0518',1,3,79),(3322,'S0518',1,4,90),(3323,'S0519',6,1,99),(3324,'S0519',6,2,96),(3325,'S0519',6,3,98),(3326,'S0519',6,4,97),(3327,'S0519',5,1,97),(3328,'S0519',5,2,97),(3329,'S0519',5,3,98),(3330,'S0519',5,4,98),(3331,'S0519',4,1,97),(3332,'S0519',4,2,99),(3333,'S0519',4,3,96),(3334,'S0519',4,4,95),(3335,'S0519',3,1,99),(3336,'S0519',3,2,96),(3337,'S0519',3,3,97),(3338,'S0519',3,4,96),(3339,'S0519',2,1,95),(3340,'S0519',2,2,96),(3341,'S0519',2,3,98),(3342,'S0519',2,4,97),(3343,'S0519',1,1,99),(3344,'S0519',1,2,98),(3345,'S0519',1,3,98),(3346,'S0519',1,4,97),(3347,'S0520',6,1,71),(3348,'S0520',6,2,78),(3349,'S0520',6,3,75),(3350,'S0520',6,4,84),(3351,'S0520',5,1,93),(3352,'S0520',5,2,71),(3353,'S0520',5,3,99),(3354,'S0520',5,4,100),(3355,'S0520',4,1,63),(3356,'S0520',4,2,78),(3357,'S0520',4,3,61),(3358,'S0520',4,4,91),(3359,'S0520',3,1,91),(3360,'S0520',3,2,81),(3361,'S0520',3,3,71),(3362,'S0520',3,4,94),(3363,'S0520',2,1,73),(3364,'S0520',2,2,67),(3365,'S0520',2,3,99),(3366,'S0520',2,4,67),(3367,'S0520',1,1,61),(3368,'S0520',1,2,86),(3369,'S0520',1,3,63),(3370,'S0520',1,4,83),(3371,'S0521',6,1,81),(3372,'S0521',6,2,99),(3373,'S0521',6,3,62),(3374,'S0521',6,4,64),(3375,'S0521',5,1,90),(3376,'S0521',5,2,84),(3377,'S0521',5,3,87),(3378,'S0521',5,4,86),(3379,'S0521',4,1,65),(3380,'S0521',4,2,92),(3381,'S0521',4,3,83),(3382,'S0521',4,4,80),(3383,'S0521',3,1,92),(3384,'S0521',3,2,79),(3385,'S0521',3,3,98),(3386,'S0521',3,4,71),(3387,'S0521',2,1,85),(3388,'S0521',2,2,68),(3389,'S0521',2,3,70),(3390,'S0521',2,4,84),(3391,'S0521',1,1,69),(3392,'S0521',1,2,75),(3393,'S0521',1,3,69),(3394,'S0521',1,4,100),(3395,'S0522',6,1,62),(3396,'S0522',6,2,64),(3397,'S0522',6,3,63),(3398,'S0522',6,4,62),(3399,'S0522',5,1,70),(3400,'S0522',5,2,65),(3401,'S0522',5,3,64),(3402,'S0522',5,4,66),(3403,'S0522',4,1,69),(3404,'S0522',4,2,67),(3405,'S0522',4,3,69),(3406,'S0522',4,4,65),(3407,'S0522',3,1,65),(3408,'S0522',3,2,61),(3409,'S0522',3,3,68),(3410,'S0522',3,4,69),(3411,'S0522',2,1,61),(3412,'S0522',2,2,68),(3413,'S0522',2,3,68),(3414,'S0522',2,4,63),(3415,'S0522',1,1,64),(3416,'S0522',1,2,62),(3417,'S0522',1,3,67),(3418,'S0522',1,4,69),(3419,'S0523',6,1,81),(3420,'S0523',6,2,94),(3421,'S0523',6,3,83),(3422,'S0523',6,4,76),(3423,'S0523',5,1,69),(3424,'S0523',5,2,99),(3425,'S0523',5,3,65),(3426,'S0523',5,4,92),(3427,'S0523',4,1,80),(3428,'S0523',4,2,67),(3429,'S0523',4,3,78),(3430,'S0523',4,4,86),(3431,'S0523',3,1,97),(3432,'S0523',3,2,84),(3433,'S0523',3,3,71),(3434,'S0523',3,4,85),(3435,'S0523',2,1,70),(3436,'S0523',2,2,78),(3437,'S0523',2,3,78),(3438,'S0523',2,4,96),(3439,'S0523',1,1,66),(3440,'S0523',1,2,63),(3441,'S0523',1,3,97),(3442,'S0523',1,4,72),(3443,'S0524',6,1,92),(3444,'S0524',6,2,61),(3445,'S0524',6,3,93),(3446,'S0524',6,4,98),(3447,'S0524',5,1,71),(3448,'S0524',5,2,84),(3449,'S0524',5,3,67),(3450,'S0524',5,4,61),(3451,'S0524',4,1,89),(3452,'S0524',4,2,76),(3453,'S0524',4,3,96),(3454,'S0524',4,4,69),(3455,'S0524',3,1,79),(3456,'S0524',3,2,87),(3457,'S0524',3,3,100),(3458,'S0524',3,4,94),(3459,'S0524',2,1,72),(3460,'S0524',2,2,100),(3461,'S0524',2,3,61),(3462,'S0524',2,4,68),(3463,'S0524',1,1,96),(3464,'S0524',1,2,94),(3465,'S0524',1,3,81),(3466,'S0524',1,4,65),(3467,'S0525',6,1,63),(3468,'S0525',6,2,61),(3469,'S0525',6,3,98),(3470,'S0525',6,4,81),(3471,'S0525',5,1,95),(3472,'S0525',5,2,88),(3473,'S0525',5,3,97),(3474,'S0525',5,4,78),(3475,'S0525',4,1,83),(3476,'S0525',4,2,78),(3477,'S0525',4,3,80),(3478,'S0525',4,4,69),(3479,'S0525',3,1,86),(3480,'S0525',3,2,79),(3481,'S0525',3,3,81),(3482,'S0525',3,4,65),(3483,'S0525',2,1,63),(3484,'S0525',2,2,62),(3485,'S0525',2,3,60),(3486,'S0525',2,4,98),(3487,'S0525',1,1,85),(3488,'S0525',1,2,74),(3489,'S0525',1,3,93),(3490,'S0525',1,4,62),(3491,'S0526',6,1,94),(3492,'S0526',6,2,100),(3493,'S0526',6,3,79),(3494,'S0526',6,4,77),(3495,'S0526',5,1,89),(3496,'S0526',5,2,71),(3497,'S0526',5,3,71),(3498,'S0526',5,4,83),(3499,'S0526',4,1,60),(3500,'S0526',4,2,71),(3501,'S0526',4,3,77),(3502,'S0526',4,4,72),(3503,'S0526',3,1,67),(3504,'S0526',3,2,62),(3505,'S0526',3,3,88),(3506,'S0526',3,4,74),(3507,'S0526',2,1,87),(3508,'S0526',2,2,71),(3509,'S0526',2,3,74),(3510,'S0526',2,4,100),(3511,'S0526',1,1,95),(3512,'S0526',1,2,73),(3513,'S0526',1,3,64),(3514,'S0526',1,4,81),(3515,'S0527',6,1,70),(3516,'S0527',6,2,88),(3517,'S0527',6,3,90),(3518,'S0527',6,4,86),(3519,'S0527',5,1,98),(3520,'S0527',5,2,92),(3521,'S0527',5,3,64),(3522,'S0527',5,4,67),(3523,'S0527',4,1,82),(3524,'S0527',4,2,69),(3525,'S0527',4,3,79),(3526,'S0527',4,4,89),(3527,'S0527',3,1,66),(3528,'S0527',3,2,86),(3529,'S0527',3,3,89),(3530,'S0527',3,4,88),(3531,'S0527',2,1,71),(3532,'S0527',2,2,75),(3533,'S0527',2,3,60),(3534,'S0527',2,4,96),(3535,'S0527',1,1,76),(3536,'S0527',1,2,74),(3537,'S0527',1,3,82),(3538,'S0527',1,4,87),(3539,'S0528',6,1,91),(3540,'S0528',6,2,94),(3541,'S0528',6,3,95),(3542,'S0528',6,4,94),(3543,'S0528',5,1,85),(3544,'S0528',5,2,84),(3545,'S0528',5,3,63),(3546,'S0528',5,4,85),(3547,'S0528',4,1,97),(3548,'S0528',4,2,85),(3549,'S0528',4,3,77),(3550,'S0528',4,4,71),(3551,'S0528',3,1,63),(3552,'S0528',3,2,84),(3553,'S0528',3,3,91),(3554,'S0528',3,4,61),(3555,'S0528',2,1,93),(3556,'S0528',2,2,62),(3557,'S0528',2,3,91),(3558,'S0528',2,4,89),(3559,'S0528',1,1,70),(3560,'S0528',1,2,65),(3561,'S0528',1,3,96),(3562,'S0528',1,4,60),(3563,'S0529',6,1,76),(3564,'S0529',6,2,60),(3565,'S0529',6,3,92),(3566,'S0529',6,4,98),(3567,'S0529',5,1,73),(3568,'S0529',5,2,93),(3569,'S0529',5,3,66),(3570,'S0529',5,4,72),(3571,'S0529',4,1,60),(3572,'S0529',4,2,66),(3573,'S0529',4,3,91),(3574,'S0529',4,4,73),(3575,'S0529',3,1,76),(3576,'S0529',3,2,61),(3577,'S0529',3,3,97),(3578,'S0529',3,4,80),(3579,'S0529',2,1,91),(3580,'S0529',2,2,72),(3581,'S0529',2,3,70),(3582,'S0529',2,4,74),(3583,'S0529',1,1,100),(3584,'S0529',1,2,96),(3585,'S0529',1,3,80),(3586,'S0529',1,4,95),(3587,'S0530',6,1,90),(3588,'S0530',6,2,98),(3589,'S0530',6,3,86),(3590,'S0530',6,4,60),(3591,'S0530',5,1,64),(3592,'S0530',5,2,79),(3593,'S0530',5,3,63),(3594,'S0530',5,4,100),(3595,'S0530',4,1,88),(3596,'S0530',4,2,81),(3597,'S0530',4,3,83),(3598,'S0530',4,4,69),(3599,'S0530',3,1,78),(3600,'S0530',3,2,83),(3601,'S0530',3,3,82),(3602,'S0530',3,4,61),(3603,'S0530',2,1,80),(3604,'S0530',2,2,76),(3605,'S0530',2,3,80),(3606,'S0530',2,4,72),(3607,'S0530',1,1,62),(3608,'S0530',1,2,73),(3609,'S0530',1,3,81),(3610,'S0530',1,4,84),(3611,'S0601',6,1,78),(3612,'S0601',6,2,77),(3613,'S0601',6,3,94),(3614,'S0601',6,4,95),(3615,'S0601',5,1,95),(3616,'S0601',5,2,88),(3617,'S0601',5,3,95),(3618,'S0601',5,4,69),(3619,'S0601',4,1,84),(3620,'S0601',4,2,69),(3621,'S0601',4,3,77),(3622,'S0601',4,4,79),(3623,'S0601',3,1,60),(3624,'S0601',3,2,88),(3625,'S0601',3,3,78),(3626,'S0601',3,4,64),(3627,'S0601',2,1,68),(3628,'S0601',2,2,90),(3629,'S0601',2,3,64),(3630,'S0601',2,4,73),(3631,'S0601',1,1,72),(3632,'S0601',1,2,80),(3633,'S0601',1,3,84),(3634,'S0601',1,4,80),(3635,'S0602',6,1,87),(3636,'S0602',6,2,94),(3637,'S0602',6,3,70),(3638,'S0602',6,4,88),(3639,'S0602',5,1,89),(3640,'S0602',5,2,80),(3641,'S0602',5,3,76),(3642,'S0602',5,4,79),(3643,'S0602',4,1,67),(3644,'S0602',4,2,79),(3645,'S0602',4,3,93),(3646,'S0602',4,4,85),(3647,'S0602',3,1,89),(3648,'S0602',3,2,88),(3649,'S0602',3,3,74),(3650,'S0602',3,4,87),(3651,'S0602',2,1,72),(3652,'S0602',2,2,82),(3653,'S0602',2,3,93),(3654,'S0602',2,4,76),(3655,'S0602',1,1,83),(3656,'S0602',1,2,85),(3657,'S0602',1,3,78),(3658,'S0602',1,4,76),(3659,'S0603',6,1,85),(3660,'S0603',6,2,99),(3661,'S0603',6,3,96),(3662,'S0603',6,4,84),(3663,'S0603',5,1,73),(3664,'S0603',5,2,96),(3665,'S0603',5,3,75),(3666,'S0603',5,4,70),(3667,'S0603',4,1,67),(3668,'S0603',4,2,63),(3669,'S0603',4,3,98),(3670,'S0603',4,4,76),(3671,'S0603',3,1,68),(3672,'S0603',3,2,95),(3673,'S0603',3,3,86),(3674,'S0603',3,4,85),(3675,'S0603',2,1,68),(3676,'S0603',2,2,68),(3677,'S0603',2,3,73),(3678,'S0603',2,4,63),(3679,'S0603',1,1,75),(3680,'S0603',1,2,87),(3681,'S0603',1,3,67),(3682,'S0603',1,4,100),(3683,'S0604',6,1,72),(3684,'S0604',6,2,83),(3685,'S0604',6,3,97),(3686,'S0604',6,4,95),(3687,'S0604',5,1,86),(3688,'S0604',5,2,85),(3689,'S0604',5,3,65),(3690,'S0604',5,4,93),(3691,'S0604',4,1,87),(3692,'S0604',4,2,99),(3693,'S0604',4,3,91),(3694,'S0604',4,4,98),(3695,'S0604',3,1,77),(3696,'S0604',3,2,71),(3697,'S0604',3,3,66),(3698,'S0604',3,4,98),(3699,'S0604',2,1,68),(3700,'S0604',2,2,69),(3701,'S0604',2,3,80),(3702,'S0604',2,4,95),(3703,'S0604',1,1,93),(3704,'S0604',1,2,81),(3705,'S0604',1,3,64),(3706,'S0604',1,4,100),(3707,'S0605',6,1,87),(3708,'S0605',6,2,72),(3709,'S0605',6,3,81),(3710,'S0605',6,4,90),(3711,'S0605',5,1,63),(3712,'S0605',5,2,71),(3713,'S0605',5,3,64),(3714,'S0605',5,4,86),(3715,'S0605',4,1,100),(3716,'S0605',4,2,98),(3717,'S0605',4,3,90),(3718,'S0605',4,4,97),(3719,'S0605',3,1,73),(3720,'S0605',3,2,98),(3721,'S0605',3,3,89),(3722,'S0605',3,4,92),(3723,'S0605',2,1,92),(3724,'S0605',2,2,82),(3725,'S0605',2,3,77),(3726,'S0605',2,4,79),(3727,'S0605',1,1,63),(3728,'S0605',1,2,100),(3729,'S0605',1,3,86),(3730,'S0605',1,4,71),(3731,'S0606',6,1,80),(3732,'S0606',6,2,85),(3733,'S0606',6,3,86),(3734,'S0606',6,4,76),(3735,'S0606',5,1,100),(3736,'S0606',5,2,91),(3737,'S0606',5,3,94),(3738,'S0606',5,4,97),(3739,'S0606',4,1,60),(3740,'S0606',4,2,75),(3741,'S0606',4,3,94),(3742,'S0606',4,4,63),(3743,'S0606',3,1,97),(3744,'S0606',3,2,70),(3745,'S0606',3,3,82),(3746,'S0606',3,4,99),(3747,'S0606',2,1,66),(3748,'S0606',2,2,97),(3749,'S0606',2,3,62),(3750,'S0606',2,4,82),(3751,'S0606',1,1,85),(3752,'S0606',1,2,79),(3753,'S0606',1,3,78),(3754,'S0606',1,4,95),(3755,'S0607',6,1,100),(3756,'S0607',6,2,74),(3757,'S0607',6,3,92),(3758,'S0607',6,4,95),(3759,'S0607',5,1,98),(3760,'S0607',5,2,66),(3761,'S0607',5,3,97),(3762,'S0607',5,4,65),(3763,'S0607',4,1,98),(3764,'S0607',4,2,69),(3765,'S0607',4,3,76),(3766,'S0607',4,4,71),(3767,'S0607',3,1,70),(3768,'S0607',3,2,75),(3769,'S0607',3,3,63),(3770,'S0607',3,4,74),(3771,'S0607',2,1,80),(3772,'S0607',2,2,79),(3773,'S0607',2,3,93),(3774,'S0607',2,4,89),(3775,'S0607',1,1,63),(3776,'S0607',1,2,73),(3777,'S0607',1,3,76),(3778,'S0607',1,4,60),(3779,'S0608',6,1,96),(3780,'S0608',6,2,74),(3781,'S0608',6,3,64),(3782,'S0608',6,4,51),(3783,'S0608',5,1,62),(3784,'S0608',5,2,96),(3785,'S0608',5,3,71),(3786,'S0608',5,4,89),(3787,'S0608',4,1,90),(3788,'S0608',4,2,81),(3789,'S0608',4,3,78),(3790,'S0608',4,4,87),(3791,'S0608',3,1,100),(3792,'S0608',3,2,99),(3793,'S0608',3,3,95),(3794,'S0608',3,4,78),(3795,'S0608',2,1,86),(3796,'S0608',2,2,97),(3797,'S0608',2,3,82),(3798,'S0608',2,4,63),(3799,'S0608',1,1,88),(3800,'S0608',1,2,70),(3801,'S0608',1,3,68),(3802,'S0608',1,4,70),(3803,'S0609',6,1,69),(3804,'S0609',6,2,61),(3805,'S0609',6,3,66),(3806,'S0609',6,4,67),(3807,'S0609',5,1,70),(3808,'S0609',5,2,67),(3809,'S0609',5,3,66),(3810,'S0609',5,4,68),(3811,'S0609',4,1,62),(3812,'S0609',4,2,64),(3813,'S0609',4,3,67),(3814,'S0609',4,4,61),(3815,'S0609',3,1,63),(3816,'S0609',3,2,61),(3817,'S0609',3,3,69),(3818,'S0609',3,4,63),(3819,'S0609',2,1,65),(3820,'S0609',2,2,65),(3821,'S0609',2,3,62),(3822,'S0609',2,4,65),(3823,'S0609',1,1,69),(3824,'S0609',1,2,61),(3825,'S0609',1,3,65),(3826,'S0609',1,4,65),(3827,'S0610',6,1,98),(3828,'S0610',6,2,98),(3829,'S0610',6,3,96),(3830,'S0610',6,4,99),(3831,'S0610',5,1,95),(3832,'S0610',5,2,95),(3833,'S0610',5,3,97),(3834,'S0610',5,4,99),(3835,'S0610',4,1,97),(3836,'S0610',4,2,95),(3837,'S0610',4,3,96),(3838,'S0610',4,4,99),(3839,'S0610',3,1,99),(3840,'S0610',3,2,98),(3841,'S0610',3,3,98),(3842,'S0610',3,4,98),(3843,'S0610',2,1,97),(3844,'S0610',2,2,95),(3845,'S0610',2,3,99),(3846,'S0610',2,4,98),(3847,'S0610',1,1,98),(3848,'S0610',1,2,97),(3849,'S0610',1,3,97),(3850,'S0610',1,4,98),(3851,'S0611',6,1,95),(3852,'S0611',6,2,71),(3853,'S0611',6,3,92),(3854,'S0611',6,4,65),(3855,'S0611',5,1,70),(3856,'S0611',5,2,94),(3857,'S0611',5,3,81),(3858,'S0611',5,4,62),(3859,'S0611',4,1,90),(3860,'S0611',4,2,83),(3861,'S0611',4,3,85),(3862,'S0611',4,4,75),(3863,'S0611',3,1,100),(3864,'S0611',3,2,94),(3865,'S0611',3,3,70),(3866,'S0611',3,4,90),(3867,'S0611',2,1,100),(3868,'S0611',2,2,88),(3869,'S0611',2,3,81),(3870,'S0611',2,4,81),(3871,'S0611',1,1,63),(3872,'S0611',1,2,93),(3873,'S0611',1,3,93),(3874,'S0611',1,4,86),(3875,'S0612',6,1,93),(3876,'S0612',6,2,64),(3877,'S0612',6,3,63),(3878,'S0612',6,4,63),(3879,'S0612',5,1,66),(3880,'S0612',5,2,82),(3881,'S0612',5,3,71),(3882,'S0612',5,4,92),(3883,'S0612',4,1,65),(3884,'S0612',4,2,69),(3885,'S0612',4,3,93),(3886,'S0612',4,4,75),(3887,'S0612',3,1,76),(3888,'S0612',3,2,96),(3889,'S0612',3,3,68),(3890,'S0612',3,4,75),(3891,'S0612',2,1,73),(3892,'S0612',2,2,79),(3893,'S0612',2,3,75),(3894,'S0612',2,4,80),(3895,'S0612',1,1,73),(3896,'S0612',1,2,68),(3897,'S0612',1,3,100),(3898,'S0612',1,4,74),(3899,'S0613',6,1,92),(3900,'S0613',6,2,98),(3901,'S0613',6,3,93),(3902,'S0613',6,4,84),(3903,'S0613',5,1,83),(3904,'S0613',5,2,61),(3905,'S0613',5,3,77),(3906,'S0613',5,4,63),(3907,'S0613',4,1,65),(3908,'S0613',4,2,75),(3909,'S0613',4,3,81),(3910,'S0613',4,4,78),(3911,'S0613',3,1,86),(3912,'S0613',3,2,98),(3913,'S0613',3,3,89),(3914,'S0613',3,4,90),(3915,'S0613',2,1,84),(3916,'S0613',2,2,92),(3917,'S0613',2,3,66),(3918,'S0613',2,4,75),(3919,'S0613',1,1,78),(3920,'S0613',1,2,62),(3921,'S0613',1,3,100),(3922,'S0613',1,4,89),(3923,'S0614',6,1,86),(3924,'S0614',6,2,62),(3925,'S0614',6,3,75),(3926,'S0614',6,4,90),(3927,'S0614',5,1,81),(3928,'S0614',5,2,77),(3929,'S0614',5,3,83),(3930,'S0614',5,4,83),(3931,'S0614',4,1,67),(3932,'S0614',4,2,67),(3933,'S0614',4,3,74),(3934,'S0614',4,4,67),(3935,'S0614',3,1,97),(3936,'S0614',3,2,60),(3937,'S0614',3,3,73),(3938,'S0614',3,4,83),(3939,'S0614',2,1,97),(3940,'S0614',2,2,95),(3941,'S0614',2,3,84),(3942,'S0614',2,4,75),(3943,'S0614',1,1,63),(3944,'S0614',1,2,71),(3945,'S0614',1,3,68),(3946,'S0614',1,4,65),(3947,'S0615',6,1,64),(3948,'S0615',6,2,62),(3949,'S0615',6,3,62),(3950,'S0615',6,4,64),(3951,'S0615',5,1,75),(3952,'S0615',5,2,81),(3953,'S0615',5,3,78),(3954,'S0615',5,4,89),(3955,'S0615',4,1,70),(3956,'S0615',4,2,66),(3957,'S0615',4,3,60),(3958,'S0615',4,4,83),(3959,'S0615',3,1,95),(3960,'S0615',3,2,83),(3961,'S0615',3,3,70),(3962,'S0615',3,4,85),(3963,'S0615',2,1,71),(3964,'S0615',2,2,80),(3965,'S0615',2,3,90),(3966,'S0615',2,4,65),(3967,'S0615',1,1,80),(3968,'S0615',1,2,61),(3969,'S0615',1,3,90),(3970,'S0615',1,4,82),(3971,'S0616',6,1,83),(3972,'S0616',6,2,67),(3973,'S0616',6,3,54),(3974,'S0616',6,4,58),(3975,'S0616',5,1,60),(3976,'S0616',5,2,66),(3977,'S0616',5,3,91),(3978,'S0616',5,4,74),(3979,'S0616',4,1,77),(3980,'S0616',4,2,65),(3981,'S0616',4,3,75),(3982,'S0616',4,4,77),(3983,'S0616',3,1,62),(3984,'S0616',3,2,100),(3985,'S0616',3,3,90),(3986,'S0616',3,4,91),(3987,'S0616',2,1,84),(3988,'S0616',2,2,89),(3989,'S0616',2,3,91),(3990,'S0616',2,4,89),(3991,'S0616',1,1,70),(3992,'S0616',1,2,67),(3993,'S0616',1,3,64),(3994,'S0616',1,4,62),(3995,'S0617',6,1,96),(3996,'S0617',6,2,74),(3997,'S0617',6,3,61),(3998,'S0617',6,4,64),(3999,'S0617',5,1,79),(4000,'S0617',5,2,60),(4001,'S0617',5,3,85),(4002,'S0617',5,4,65),(4003,'S0617',4,1,93),(4004,'S0617',4,2,86),(4005,'S0617',4,3,92),(4006,'S0617',4,4,100),(4007,'S0617',3,1,82),(4008,'S0617',3,2,92),(4009,'S0617',3,3,71),(4010,'S0617',3,4,64),(4011,'S0617',2,1,86),(4012,'S0617',2,2,96),(4013,'S0617',2,3,80),(4014,'S0617',2,4,96),(4015,'S0617',1,1,99),(4016,'S0617',1,2,64),(4017,'S0617',1,3,88),(4018,'S0617',1,4,65),(4019,'S0618',6,1,82),(4020,'S0618',6,2,73),(4021,'S0618',6,3,60),(4022,'S0618',6,4,65),(4023,'S0618',5,1,83),(4024,'S0618',5,2,77),(4025,'S0618',5,3,79),(4026,'S0618',5,4,61),(4027,'S0618',4,1,92),(4028,'S0618',4,2,96),(4029,'S0618',4,3,63),(4030,'S0618',4,4,88),(4031,'S0618',3,1,71),(4032,'S0618',3,2,72),(4033,'S0618',3,3,86),(4034,'S0618',3,4,74),(4035,'S0618',2,1,95),(4036,'S0618',2,2,69),(4037,'S0618',2,3,82),(4038,'S0618',2,4,62),(4039,'S0618',1,1,84),(4040,'S0618',1,2,96),(4041,'S0618',1,3,85),(4042,'S0618',1,4,79),(4043,'S0619',6,1,80),(4044,'S0619',6,2,60),(4045,'S0619',6,3,85),(4046,'S0619',6,4,62),(4047,'S0619',5,1,77),(4048,'S0619',5,2,100),(4049,'S0619',5,3,84),(4050,'S0619',5,4,61),(4051,'S0619',4,1,77),(4052,'S0619',4,2,60),(4053,'S0619',4,3,89),(4054,'S0619',4,4,86),(4055,'S0619',3,1,100),(4056,'S0619',3,2,63),(4057,'S0619',3,3,77),(4058,'S0619',3,4,95),(4059,'S0619',2,1,61),(4060,'S0619',2,2,86),(4061,'S0619',2,3,64),(4062,'S0619',2,4,85),(4063,'S0619',1,1,90),(4064,'S0619',1,2,94),(4065,'S0619',1,3,99),(4066,'S0619',1,4,72),(4067,'S0620',6,1,85),(4068,'S0620',6,2,66),(4069,'S0620',6,3,100),(4070,'S0620',6,4,76),(4071,'S0620',5,1,62),(4072,'S0620',5,2,63),(4073,'S0620',5,3,71),(4074,'S0620',5,4,63),(4075,'S0620',4,1,85),(4076,'S0620',4,2,93),(4077,'S0620',4,3,72),(4078,'S0620',4,4,100),(4079,'S0620',3,1,60),(4080,'S0620',3,2,66),(4081,'S0620',3,3,88),(4082,'S0620',3,4,61),(4083,'S0620',2,1,65),(4084,'S0620',2,2,80),(4085,'S0620',2,3,62),(4086,'S0620',2,4,95),(4087,'S0620',1,1,67),(4088,'S0620',1,2,70),(4089,'S0620',1,3,89),(4090,'S0620',1,4,94),(4091,'S0621',6,1,60),(4092,'S0621',6,2,82),(4093,'S0621',6,3,90),(4094,'S0621',6,4,64),(4095,'S0621',5,1,70),(4096,'S0621',5,2,100),(4097,'S0621',5,3,67),(4098,'S0621',5,4,97),(4099,'S0621',4,1,63),(4100,'S0621',4,2,85),(4101,'S0621',4,3,95),(4102,'S0621',4,4,77),(4103,'S0621',3,1,81),(4104,'S0621',3,2,74),(4105,'S0621',3,3,67),(4106,'S0621',3,4,93),(4107,'S0621',2,1,85),(4108,'S0621',2,2,83),(4109,'S0621',2,3,62),(4110,'S0621',2,4,83),(4111,'S0621',1,1,85),(4112,'S0621',1,2,79),(4113,'S0621',1,3,78),(4114,'S0621',1,4,94),(4115,'S0622',6,1,96),(4116,'S0622',6,2,95),(4117,'S0622',6,3,55),(4118,'S0622',6,4,54),(4119,'S0622',5,1,76),(4120,'S0622',5,2,99),(4121,'S0622',5,3,87),(4122,'S0622',5,4,77),(4123,'S0622',4,1,66),(4124,'S0622',4,2,80),(4125,'S0622',4,3,60),(4126,'S0622',4,4,81),(4127,'S0622',3,1,83),(4128,'S0622',3,2,74),(4129,'S0622',3,3,100),(4130,'S0622',3,4,97),(4131,'S0622',2,1,86),(4132,'S0622',2,2,78),(4133,'S0622',2,3,75),(4134,'S0622',2,4,78),(4135,'S0622',1,1,65),(4136,'S0622',1,2,73),(4137,'S0622',1,3,70),(4138,'S0622',1,4,69),(4139,'S0623',6,1,78),(4140,'S0623',6,2,80),(4141,'S0623',6,3,68),(4142,'S0623',6,4,81),(4143,'S0623',5,1,99),(4144,'S0623',5,2,69),(4145,'S0623',5,3,73),(4146,'S0623',5,4,99),(4147,'S0623',4,1,94),(4148,'S0623',4,2,72),(4149,'S0623',4,3,99),(4150,'S0623',4,4,96),(4151,'S0623',3,1,85),(4152,'S0623',3,2,78),(4153,'S0623',3,3,76),(4154,'S0623',3,4,83),(4155,'S0623',2,1,90),(4156,'S0623',2,2,100),(4157,'S0623',2,3,88),(4158,'S0623',2,4,81),(4159,'S0623',1,1,79),(4160,'S0623',1,2,95),(4161,'S0623',1,3,96),(4162,'S0623',1,4,96),(4163,'S0624',6,1,61),(4164,'S0624',6,2,63),(4165,'S0624',6,3,61),(4166,'S0624',6,4,67),(4167,'S0624',5,1,64),(4168,'S0624',5,2,68),(4169,'S0624',5,3,68),(4170,'S0624',5,4,67),(4171,'S0624',4,1,61),(4172,'S0624',4,2,65),(4173,'S0624',4,3,61),(4174,'S0624',4,4,68),(4175,'S0624',3,1,69),(4176,'S0624',3,2,61),(4177,'S0624',3,3,67),(4178,'S0624',3,4,61),(4179,'S0624',2,1,67),(4180,'S0624',2,2,69),(4181,'S0624',2,3,67),(4182,'S0624',2,4,65),(4183,'S0624',1,1,65),(4184,'S0624',1,2,70),(4185,'S0624',1,3,65),(4186,'S0624',1,4,65),(4187,'S0625',6,1,91),(4188,'S0625',6,2,73),(4189,'S0625',6,3,76),(4190,'S0625',6,4,61),(4191,'S0625',5,1,98),(4192,'S0625',5,2,82),(4193,'S0625',5,3,99),(4194,'S0625',5,4,64),(4195,'S0625',4,1,90),(4196,'S0625',4,2,75),(4197,'S0625',4,3,86),(4198,'S0625',4,4,66),(4199,'S0625',3,1,91),(4200,'S0625',3,2,76),(4201,'S0625',3,3,87),(4202,'S0625',3,4,66),(4203,'S0625',2,1,93),(4204,'S0625',2,2,82),(4205,'S0625',2,3,73),(4206,'S0625',2,4,98),(4207,'S0625',1,1,91),(4208,'S0625',1,2,60),(4209,'S0625',1,3,93),(4210,'S0625',1,4,99),(4211,'S0626',6,1,74),(4212,'S0626',6,2,96),(4213,'S0626',6,3,78),(4214,'S0626',6,4,81),(4215,'S0626',5,1,72),(4216,'S0626',5,2,97),(4217,'S0626',5,3,85),(4218,'S0626',5,4,78),(4219,'S0626',4,1,74),(4220,'S0626',4,2,75),(4221,'S0626',4,3,96),(4222,'S0626',4,4,71),(4223,'S0626',3,1,91),(4224,'S0626',3,2,100),(4225,'S0626',3,3,84),(4226,'S0626',3,4,60),(4227,'S0626',2,1,72),(4228,'S0626',2,2,80),(4229,'S0626',2,3,84),(4230,'S0626',2,4,78),(4231,'S0626',1,1,77),(4232,'S0626',1,2,93),(4233,'S0626',1,3,91),(4234,'S0626',1,4,75),(4235,'S0627',6,1,96),(4236,'S0627',6,2,98),(4237,'S0627',6,3,98),(4238,'S0627',6,4,96),(4239,'S0627',5,1,97),(4240,'S0627',5,2,97),(4241,'S0627',5,3,97),(4242,'S0627',5,4,95),(4243,'S0627',4,1,98),(4244,'S0627',4,2,99),(4245,'S0627',4,3,98),(4246,'S0627',4,4,96),(4247,'S0627',3,1,99),(4248,'S0627',3,2,98),(4249,'S0627',3,3,96),(4250,'S0627',3,4,96),(4251,'S0627',2,1,97),(4252,'S0627',2,2,98),(4253,'S0627',2,3,95),(4254,'S0627',2,4,99),(4255,'S0627',1,1,98),(4256,'S0627',1,2,96),(4257,'S0627',1,3,97),(4258,'S0627',1,4,96),(4259,'S0628',6,1,67),(4260,'S0628',6,2,69),(4261,'S0628',6,3,81),(4262,'S0628',6,4,60),(4263,'S0628',5,1,78),(4264,'S0628',5,2,68),(4265,'S0628',5,3,88),(4266,'S0628',5,4,96),(4267,'S0628',4,1,73),(4268,'S0628',4,2,61),(4269,'S0628',4,3,65),(4270,'S0628',4,4,82),(4271,'S0628',3,1,73),(4272,'S0628',3,2,61),(4273,'S0628',3,3,69),(4274,'S0628',3,4,99),(4275,'S0628',2,1,67),(4276,'S0628',2,2,60),(4277,'S0628',2,3,79),(4278,'S0628',2,4,75),(4279,'S0628',1,1,77),(4280,'S0628',1,2,61),(4281,'S0628',1,3,98),(4282,'S0628',1,4,82),(4283,'S0629',6,1,93),(4284,'S0629',6,2,95),(4285,'S0629',6,3,70),(4286,'S0629',6,4,97),(4287,'S0629',5,1,94),(4288,'S0629',5,2,77),(4289,'S0629',5,3,85),(4290,'S0629',5,4,93),(4291,'S0629',4,1,68),(4292,'S0629',4,2,83),(4293,'S0629',4,3,70),(4294,'S0629',4,4,83),(4295,'S0629',3,1,65),(4296,'S0629',3,2,95),(4297,'S0629',3,3,100),(4298,'S0629',3,4,73),(4299,'S0629',2,1,86),(4300,'S0629',2,2,70),(4301,'S0629',2,3,73),(4302,'S0629',2,4,94),(4303,'S0629',1,1,71),(4304,'S0629',1,2,97),(4305,'S0629',1,3,86),(4306,'S0629',1,4,82),(4307,'S0630',6,1,91),(4308,'S0630',6,2,66),(4309,'S0630',6,3,81),(4310,'S0630',6,4,64),(4311,'S0630',5,1,61),(4312,'S0630',5,2,93),(4313,'S0630',5,3,60),(4314,'S0630',5,4,86),(4315,'S0630',4,1,65),(4316,'S0630',4,2,90),(4317,'S0630',4,3,74),(4318,'S0630',4,4,82),(4319,'S0630',3,1,87),(4320,'S0630',3,2,89),(4321,'S0630',3,3,85),(4322,'S0630',3,4,97),(4323,'S0630',2,1,86),(4324,'S0630',2,2,83),(4325,'S0630',2,3,96),(4326,'S0630',2,4,89),(4327,'S0630',1,1,96),(4328,'S0630',1,2,73),(4329,'S0630',1,3,98),(4330,'S0630',1,4,91),(4331,'S0701',6,1,98),(4332,'S0701',6,2,79),(4333,'S0701',6,3,59),(4334,'S0701',6,4,61),(4335,'S0701',5,1,67),(4336,'S0701',5,2,92),(4337,'S0701',5,3,75),(4338,'S0701',5,4,79),(4339,'S0701',4,1,73),(4340,'S0701',4,2,69),(4341,'S0701',4,3,64),(4342,'S0701',4,4,94),(4343,'S0701',3,1,95),(4344,'S0701',3,2,94),(4345,'S0701',3,3,83),(4346,'S0701',3,4,75),(4347,'S0701',2,1,65),(4348,'S0701',2,2,83),(4349,'S0701',2,3,77),(4350,'S0701',2,4,79),(4351,'S0701',1,1,62),(4352,'S0701',1,2,97),(4353,'S0701',1,3,76),(4354,'S0701',1,4,70),(4355,'S0702',6,1,96),(4356,'S0702',6,2,97),(4357,'S0702',6,3,82),(4358,'S0702',6,4,76),(4359,'S0702',5,1,76),(4360,'S0702',5,2,90),(4361,'S0702',5,3,83),(4362,'S0702',5,4,84),(4363,'S0702',4,1,72),(4364,'S0702',4,2,89),(4365,'S0702',4,3,89),(4366,'S0702',4,4,76),(4367,'S0702',3,1,93),(4368,'S0702',3,2,96),(4369,'S0702',3,3,61),(4370,'S0702',3,4,80),(4371,'S0702',2,1,76),(4372,'S0702',2,2,80),(4373,'S0702',2,3,72),(4374,'S0702',2,4,100),(4375,'S0702',1,1,62),(4376,'S0702',1,2,73),(4377,'S0702',1,3,80),(4378,'S0702',1,4,79),(4379,'S0703',6,1,96),(4380,'S0703',6,2,99),(4381,'S0703',6,3,69),(4382,'S0703',6,4,69),(4383,'S0703',5,1,78),(4384,'S0703',5,2,83),(4385,'S0703',5,3,81),(4386,'S0703',5,4,97),(4387,'S0703',4,1,98),(4388,'S0703',4,2,99),(4389,'S0703',4,3,60),(4390,'S0703',4,4,67),(4391,'S0703',3,1,94),(4392,'S0703',3,2,88),(4393,'S0703',3,3,99),(4394,'S0703',3,4,89),(4395,'S0703',2,1,86),(4396,'S0703',2,2,66),(4397,'S0703',2,3,91),(4398,'S0703',2,4,77),(4399,'S0703',1,1,94),(4400,'S0703',1,2,98),(4401,'S0703',1,3,64),(4402,'S0703',1,4,92),(4403,'S0704',6,1,87),(4404,'S0704',6,2,96),(4405,'S0704',6,3,79),(4406,'S0704',6,4,86),(4407,'S0704',5,1,95),(4408,'S0704',5,2,75),(4409,'S0704',5,3,73),(4410,'S0704',5,4,80),(4411,'S0704',4,1,79),(4412,'S0704',4,2,95),(4413,'S0704',4,3,99),(4414,'S0704',4,4,66),(4415,'S0704',3,1,96),(4416,'S0704',3,2,60),(4417,'S0704',3,3,76),(4418,'S0704',3,4,99),(4419,'S0704',2,1,86),(4420,'S0704',2,2,74),(4421,'S0704',2,3,90),(4422,'S0704',2,4,90),(4423,'S0704',1,1,79),(4424,'S0704',1,2,67),(4425,'S0704',1,3,77),(4426,'S0704',1,4,83),(4427,'S0705',6,1,83),(4428,'S0705',6,2,68),(4429,'S0705',6,3,71),(4430,'S0705',6,4,91),(4431,'S0705',5,1,60),(4432,'S0705',5,2,92),(4433,'S0705',5,3,98),(4434,'S0705',5,4,73),(4435,'S0705',4,1,92),(4436,'S0705',4,2,61),(4437,'S0705',4,3,91),(4438,'S0705',4,4,88),(4439,'S0705',3,1,66),(4440,'S0705',3,2,87),(4441,'S0705',3,3,99),(4442,'S0705',3,4,93),(4443,'S0705',2,1,66),(4444,'S0705',2,2,73),(4445,'S0705',2,3,69),(4446,'S0705',2,4,66),(4447,'S0705',1,1,61),(4448,'S0705',1,2,92),(4449,'S0705',1,3,91),(4450,'S0705',1,4,82),(4451,'S0706',6,1,75),(4452,'S0706',6,2,69),(4453,'S0706',6,3,61),(4454,'S0706',6,4,79),(4455,'S0706',5,1,70),(4456,'S0706',5,2,95),(4457,'S0706',5,3,81),(4458,'S0706',5,4,60),(4459,'S0706',4,1,79),(4460,'S0706',4,2,74),(4461,'S0706',4,3,72),(4462,'S0706',4,4,82),(4463,'S0706',3,1,91),(4464,'S0706',3,2,69),(4465,'S0706',3,3,92),(4466,'S0706',3,4,73),(4467,'S0706',2,1,68),(4468,'S0706',2,2,63),(4469,'S0706',2,3,92),(4470,'S0706',2,4,88),(4471,'S0706',1,1,63),(4472,'S0706',1,2,73),(4473,'S0706',1,3,76),(4474,'S0706',1,4,61),(4475,'S0707',6,1,97),(4476,'S0707',6,2,82),(4477,'S0707',6,3,100),(4478,'S0707',6,4,70),(4479,'S0707',5,1,73),(4480,'S0707',5,2,96),(4481,'S0707',5,3,76),(4482,'S0707',5,4,76),(4483,'S0707',4,1,91),(4484,'S0707',4,2,87),(4485,'S0707',4,3,100),(4486,'S0707',4,4,99),(4487,'S0707',3,1,96),(4488,'S0707',3,2,80),(4489,'S0707',3,3,93),(4490,'S0707',3,4,84),(4491,'S0707',2,1,84),(4492,'S0707',2,2,65),(4493,'S0707',2,3,96),(4494,'S0707',2,4,61),(4495,'S0707',1,1,80),(4496,'S0707',1,2,76),(4497,'S0707',1,3,82),(4498,'S0707',1,4,80),(4499,'S0708',6,1,99),(4500,'S0708',6,2,96),(4501,'S0708',6,3,98),(4502,'S0708',6,4,98),(4503,'S0708',5,1,97),(4504,'S0708',5,2,98),(4505,'S0708',5,3,98),(4506,'S0708',5,4,96),(4507,'S0708',4,1,99),(4508,'S0708',4,2,96),(4509,'S0708',4,3,96),(4510,'S0708',4,4,98),(4511,'S0708',3,1,96),(4512,'S0708',3,2,99),(4513,'S0708',3,3,98),(4514,'S0708',3,4,95),(4515,'S0708',2,1,96),(4516,'S0708',2,2,98),(4517,'S0708',2,3,95),(4518,'S0708',2,4,96),(4519,'S0708',1,1,98),(4520,'S0708',1,2,96),(4521,'S0708',1,3,99),(4522,'S0708',1,4,98),(4523,'S0709',6,1,63),(4524,'S0709',6,2,62),(4525,'S0709',6,3,100),(4526,'S0709',6,4,91),(4527,'S0709',5,1,96),(4528,'S0709',5,2,67),(4529,'S0709',5,3,67),(4530,'S0709',5,4,75),(4531,'S0709',4,1,74),(4532,'S0709',4,2,86),(4533,'S0709',4,3,67),(4534,'S0709',4,4,100),(4535,'S0709',3,1,75),(4536,'S0709',3,2,97),(4537,'S0709',3,3,78),(4538,'S0709',3,4,80),(4539,'S0709',2,1,67),(4540,'S0709',2,2,75),(4541,'S0709',2,3,74),(4542,'S0709',2,4,87),(4543,'S0709',1,1,69),(4544,'S0709',1,2,68),(4545,'S0709',1,3,71),(4546,'S0709',1,4,91),(4547,'S0710',6,1,60),(4548,'S0710',6,2,90),(4549,'S0710',6,3,87),(4550,'S0710',6,4,67),(4551,'S0710',5,1,96),(4552,'S0710',5,2,95),(4553,'S0710',5,3,87),(4554,'S0710',5,4,91),(4555,'S0710',4,1,95),(4556,'S0710',4,2,60),(4557,'S0710',4,3,77),(4558,'S0710',4,4,66),(4559,'S0710',3,1,80),(4560,'S0710',3,2,60),(4561,'S0710',3,3,82),(4562,'S0710',3,4,90),(4563,'S0710',2,1,63),(4564,'S0710',2,2,67),(4565,'S0710',2,3,84),(4566,'S0710',2,4,80),(4567,'S0710',1,1,86),(4568,'S0710',1,2,92),(4569,'S0710',1,3,99),(4570,'S0710',1,4,78),(4571,'S0711',6,1,77),(4572,'S0711',6,2,89),(4573,'S0711',6,3,75),(4574,'S0711',6,4,89),(4575,'S0711',5,1,77),(4576,'S0711',5,2,61),(4577,'S0711',5,3,93),(4578,'S0711',5,4,61),(4579,'S0711',4,1,89),(4580,'S0711',4,2,81),(4581,'S0711',4,3,78),(4582,'S0711',4,4,86),(4583,'S0711',3,1,94),(4584,'S0711',3,2,73),(4585,'S0711',3,3,65),(4586,'S0711',3,4,88),(4587,'S0711',2,1,62),(4588,'S0711',2,2,67),(4589,'S0711',2,3,92),(4590,'S0711',2,4,75),(4591,'S0711',1,1,81),(4592,'S0711',1,2,80),(4593,'S0711',1,3,98),(4594,'S0711',1,4,66),(4595,'S0712',6,1,60),(4596,'S0712',6,2,84),(4597,'S0712',6,3,98),(4598,'S0712',6,4,97),(4599,'S0712',5,1,89),(4600,'S0712',5,2,95),(4601,'S0712',5,3,67),(4602,'S0712',5,4,71),(4603,'S0712',4,1,96),(4604,'S0712',4,2,86),(4605,'S0712',4,3,80),(4606,'S0712',4,4,81),(4607,'S0712',3,1,68),(4608,'S0712',3,2,76),(4609,'S0712',3,3,75),(4610,'S0712',3,4,89),(4611,'S0712',2,1,80),(4612,'S0712',2,2,72),(4613,'S0712',2,3,61),(4614,'S0712',2,4,70),(4615,'S0712',1,1,67),(4616,'S0712',1,2,63),(4617,'S0712',1,3,99),(4618,'S0712',1,4,81),(4619,'S0713',6,1,88),(4620,'S0713',6,2,98),(4621,'S0713',6,3,83),(4622,'S0713',6,4,62),(4623,'S0713',5,1,82),(4624,'S0713',5,2,82),(4625,'S0713',5,3,66),(4626,'S0713',5,4,64),(4627,'S0713',4,1,63),(4628,'S0713',4,2,63),(4629,'S0713',4,3,68),(4630,'S0713',4,4,92),(4631,'S0713',3,1,71),(4632,'S0713',3,2,64),(4633,'S0713',3,3,85),(4634,'S0713',3,4,93),(4635,'S0713',2,1,70),(4636,'S0713',2,2,91),(4637,'S0713',2,3,62),(4638,'S0713',2,4,99),(4639,'S0713',1,1,89),(4640,'S0713',1,2,88),(4641,'S0713',1,3,71),(4642,'S0713',1,4,75),(4643,'S0714',6,1,61),(4644,'S0714',6,2,61),(4645,'S0714',6,3,64),(4646,'S0714',6,4,63),(4647,'S0714',5,1,65),(4648,'S0714',5,2,64),(4649,'S0714',5,3,68),(4650,'S0714',5,4,67),(4651,'S0714',4,1,62),(4652,'S0714',4,2,67),(4653,'S0714',4,3,60),(4654,'S0714',4,4,61),(4655,'S0714',3,1,63),(4656,'S0714',3,2,63),(4657,'S0714',3,3,66),(4658,'S0714',3,4,60),(4659,'S0714',2,1,64),(4660,'S0714',2,2,67),(4661,'S0714',2,3,66),(4662,'S0714',2,4,66),(4663,'S0714',1,1,65),(4664,'S0714',1,2,66),(4665,'S0714',1,3,66),(4666,'S0714',1,4,60),(4667,'S0715',6,1,90),(4668,'S0715',6,2,77),(4669,'S0715',6,3,98),(4670,'S0715',6,4,78),(4671,'S0715',5,1,78),(4672,'S0715',5,2,95),(4673,'S0715',5,3,99),(4674,'S0715',5,4,69),(4675,'S0715',4,1,72),(4676,'S0715',4,2,93),(4677,'S0715',4,3,67),(4678,'S0715',4,4,79),(4679,'S0715',3,1,94),(4680,'S0715',3,2,91),(4681,'S0715',3,3,70),(4682,'S0715',3,4,61),(4683,'S0715',2,1,75),(4684,'S0715',2,2,93),(4685,'S0715',2,3,99),(4686,'S0715',2,4,75),(4687,'S0715',1,1,98),(4688,'S0715',1,2,84),(4689,'S0715',1,3,65),(4690,'S0715',1,4,95),(4691,'S0716',6,1,98),(4692,'S0716',6,2,65),(4693,'S0716',6,3,92),(4694,'S0716',6,4,83),(4695,'S0716',5,1,82),(4696,'S0716',5,2,100),(4697,'S0716',5,3,71),(4698,'S0716',5,4,77),(4699,'S0716',4,1,72),(4700,'S0716',4,2,69),(4701,'S0716',4,3,72),(4702,'S0716',4,4,92),(4703,'S0716',3,1,60),(4704,'S0716',3,2,90),(4705,'S0716',3,3,86),(4706,'S0716',3,4,62),(4707,'S0716',2,1,72),(4708,'S0716',2,2,72),(4709,'S0716',2,3,87),(4710,'S0716',2,4,78),(4711,'S0716',1,1,70),(4712,'S0716',1,2,96),(4713,'S0716',1,3,88),(4714,'S0716',1,4,93),(4715,'S0717',6,1,60),(4716,'S0717',6,2,85),(4717,'S0717',6,3,62),(4718,'S0717',6,4,79),(4719,'S0717',5,1,65),(4720,'S0717',5,2,72),(4721,'S0717',5,3,63),(4722,'S0717',5,4,82),(4723,'S0717',4,1,80),(4724,'S0717',4,2,95),(4725,'S0717',4,3,94),(4726,'S0717',4,4,86),(4727,'S0717',3,1,85),(4728,'S0717',3,2,67),(4729,'S0717',3,3,63),(4730,'S0717',3,4,97),(4731,'S0717',2,1,69),(4732,'S0717',2,2,79),(4733,'S0717',2,3,88),(4734,'S0717',2,4,60),(4735,'S0717',1,1,99),(4736,'S0717',1,2,93),(4737,'S0717',1,3,67),(4738,'S0717',1,4,79),(4739,'S0718',6,1,94),(4740,'S0718',6,2,91),(4741,'S0718',6,3,58),(4742,'S0718',6,4,51),(4743,'S0718',5,1,86),(4744,'S0718',5,2,100),(4745,'S0718',5,3,60),(4746,'S0718',5,4,63),(4747,'S0718',4,1,73),(4748,'S0718',4,2,77),(4749,'S0718',4,3,65),(4750,'S0718',4,4,77),(4751,'S0718',3,1,87),(4752,'S0718',3,2,63),(4753,'S0718',3,3,77),(4754,'S0718',3,4,94),(4755,'S0718',2,1,99),(4756,'S0718',2,2,71),(4757,'S0718',2,3,81),(4758,'S0718',2,4,90),(4759,'S0718',1,1,64),(4760,'S0718',1,2,76),(4761,'S0718',1,3,85),(4762,'S0718',1,4,96),(4763,'S0719',6,1,96),(4764,'S0719',6,2,90),(4765,'S0719',6,3,95),(4766,'S0719',6,4,87),(4767,'S0719',5,1,88),(4768,'S0719',5,2,81),(4769,'S0719',5,3,80),(4770,'S0719',5,4,96),(4771,'S0719',4,1,99),(4772,'S0719',4,2,66),(4773,'S0719',4,3,95),(4774,'S0719',4,4,94),(4775,'S0719',3,1,88),(4776,'S0719',3,2,95),(4777,'S0719',3,3,71),(4778,'S0719',3,4,91),(4779,'S0719',2,1,60),(4780,'S0719',2,2,93),(4781,'S0719',2,3,99),(4782,'S0719',2,4,77),(4783,'S0719',1,1,70),(4784,'S0719',1,2,99),(4785,'S0719',1,3,64),(4786,'S0719',1,4,84),(4787,'S0720',6,1,89),(4788,'S0720',6,2,91),(4789,'S0720',6,3,89),(4790,'S0720',6,4,72),(4791,'S0720',5,1,72),(4792,'S0720',5,2,87),(4793,'S0720',5,3,77),(4794,'S0720',5,4,65),(4795,'S0720',4,1,75),(4796,'S0720',4,2,78),(4797,'S0720',4,3,65),(4798,'S0720',4,4,74),(4799,'S0720',3,1,72),(4800,'S0720',3,2,82),(4801,'S0720',3,3,90),(4802,'S0720',3,4,64),(4803,'S0720',2,1,71),(4804,'S0720',2,2,65),(4805,'S0720',2,3,94),(4806,'S0720',2,4,92),(4807,'S0720',1,1,78),(4808,'S0720',1,2,96),(4809,'S0720',1,3,61),(4810,'S0720',1,4,82),(4811,'S0721',6,1,85),(4812,'S0721',6,2,80),(4813,'S0721',6,3,84),(4814,'S0721',6,4,80),(4815,'S0721',5,1,89),(4816,'S0721',5,2,63),(4817,'S0721',5,3,72),(4818,'S0721',5,4,69),(4819,'S0721',4,1,72),(4820,'S0721',4,2,91),(4821,'S0721',4,3,100),(4822,'S0721',4,4,86),(4823,'S0721',3,1,68),(4824,'S0721',3,2,63),(4825,'S0721',3,3,95),(4826,'S0721',3,4,62),(4827,'S0721',2,1,87),(4828,'S0721',2,2,69),(4829,'S0721',2,3,65),(4830,'S0721',2,4,98),(4831,'S0721',1,1,71),(4832,'S0721',1,2,83),(4833,'S0721',1,3,63),(4834,'S0721',1,4,87),(4835,'S0722',6,1,68),(4836,'S0722',6,2,61),(4837,'S0722',6,3,63),(4838,'S0722',6,4,62),(4839,'S0722',5,1,61),(4840,'S0722',5,2,69),(4841,'S0722',5,3,60),(4842,'S0722',5,4,66),(4843,'S0722',4,1,68),(4844,'S0722',4,2,62),(4845,'S0722',4,3,68),(4846,'S0722',4,4,62),(4847,'S0722',3,1,65),(4848,'S0722',3,2,61),(4849,'S0722',3,3,61),(4850,'S0722',3,4,70),(4851,'S0722',2,1,67),(4852,'S0722',2,2,65),(4853,'S0722',2,3,62),(4854,'S0722',2,4,68),(4855,'S0722',1,1,65),(4856,'S0722',1,2,70),(4857,'S0722',1,3,64),(4858,'S0722',1,4,68),(4859,'S0723',6,1,64),(4860,'S0723',6,2,94),(4861,'S0723',6,3,95),(4862,'S0723',6,4,92),(4863,'S0723',5,1,75),(4864,'S0723',5,2,82),(4865,'S0723',5,3,84),(4866,'S0723',5,4,75),(4867,'S0723',4,1,64),(4868,'S0723',4,2,74),(4869,'S0723',4,3,78),(4870,'S0723',4,4,68),(4871,'S0723',3,1,87),(4872,'S0723',3,2,88),(4873,'S0723',3,3,78),(4874,'S0723',3,4,68),(4875,'S0723',2,1,87),(4876,'S0723',2,2,90),(4877,'S0723',2,3,89),(4878,'S0723',2,4,75),(4879,'S0723',1,1,87),(4880,'S0723',1,2,69),(4881,'S0723',1,3,66),(4882,'S0723',1,4,63),(4883,'S0724',6,1,99),(4884,'S0724',6,2,82),(4885,'S0724',6,3,93),(4886,'S0724',6,4,78),(4887,'S0724',5,1,92),(4888,'S0724',5,2,84),(4889,'S0724',5,3,85),(4890,'S0724',5,4,75),(4891,'S0724',4,1,99),(4892,'S0724',4,2,86),(4893,'S0724',4,3,77),(4894,'S0724',4,4,67),(4895,'S0724',3,1,83),(4896,'S0724',3,2,76),(4897,'S0724',3,3,68),(4898,'S0724',3,4,95),(4899,'S0724',2,1,87),(4900,'S0724',2,2,94),(4901,'S0724',2,3,64),(4902,'S0724',2,4,61),(4903,'S0724',1,1,96),(4904,'S0724',1,2,73),(4905,'S0724',1,3,99),(4906,'S0724',1,4,94),(4907,'S0725',6,1,74),(4908,'S0725',6,2,67),(4909,'S0725',6,3,93),(4910,'S0725',6,4,85),(4911,'S0725',5,1,85),(4912,'S0725',5,2,72),(4913,'S0725',5,3,83),(4914,'S0725',5,4,60),(4915,'S0725',4,1,73),(4916,'S0725',4,2,83),(4917,'S0725',4,3,97),(4918,'S0725',4,4,95),(4919,'S0725',3,1,85),(4920,'S0725',3,2,77),(4921,'S0725',3,3,71),(4922,'S0725',3,4,67),(4923,'S0725',2,1,62),(4924,'S0725',2,2,90),(4925,'S0725',2,3,83),(4926,'S0725',2,4,85),(4927,'S0725',1,1,76),(4928,'S0725',1,2,63),(4929,'S0725',1,3,69),(4930,'S0725',1,4,96),(4931,'S0726',6,1,90),(4932,'S0726',6,2,61),(4933,'S0726',6,3,58),(4934,'S0726',6,4,54),(4935,'S0726',5,1,75),(4936,'S0726',5,2,69),(4937,'S0726',5,3,100),(4938,'S0726',5,4,73),(4939,'S0726',4,1,85),(4940,'S0726',4,2,64),(4941,'S0726',4,3,90),(4942,'S0726',4,4,75),(4943,'S0726',3,1,86),(4944,'S0726',3,2,64),(4945,'S0726',3,3,85),(4946,'S0726',3,4,89),(4947,'S0726',2,1,91),(4948,'S0726',2,2,89),(4949,'S0726',2,3,71),(4950,'S0726',2,4,69),(4951,'S0726',1,1,74),(4952,'S0726',1,2,63),(4953,'S0726',1,3,72),(4954,'S0726',1,4,73),(4955,'S0727',6,1,90),(4956,'S0727',6,2,87),(4957,'S0727',6,3,66),(4958,'S0727',6,4,89),(4959,'S0727',5,1,68),(4960,'S0727',5,2,94),(4961,'S0727',5,3,83),(4962,'S0727',5,4,72),(4963,'S0727',4,1,93),(4964,'S0727',4,2,67),(4965,'S0727',4,3,78),(4966,'S0727',4,4,87),(4967,'S0727',3,1,62),(4968,'S0727',3,2,71),(4969,'S0727',3,3,67),(4970,'S0727',3,4,62),(4971,'S0727',2,1,93),(4972,'S0727',2,2,97),(4973,'S0727',2,3,63),(4974,'S0727',2,4,86),(4975,'S0727',1,1,60),(4976,'S0727',1,2,66),(4977,'S0727',1,3,90),(4978,'S0727',1,4,67),(4979,'S0728',6,1,88),(4980,'S0728',6,2,100),(4981,'S0728',6,3,94),(4982,'S0728',6,4,69),(4983,'S0728',5,1,84),(4984,'S0728',5,2,71),(4985,'S0728',5,3,83),(4986,'S0728',5,4,64),(4987,'S0728',4,1,94),(4988,'S0728',4,2,92),(4989,'S0728',4,3,80),(4990,'S0728',4,4,64),(4991,'S0728',3,1,62),(4992,'S0728',3,2,98),(4993,'S0728',3,3,80),(4994,'S0728',3,4,88),(4995,'S0728',2,1,99),(4996,'S0728',2,2,91),(4997,'S0728',2,3,99),(4998,'S0728',2,4,82),(4999,'S0728',1,1,91),(5000,'S0728',1,2,70),(5001,'S0728',1,3,97),(5002,'S0728',1,4,93),(5003,'S0729',6,1,98),(5004,'S0729',6,2,96),(5005,'S0729',6,3,97),(5006,'S0729',6,4,95),(5007,'S0729',5,1,97),(5008,'S0729',5,2,98),(5009,'S0729',5,3,98),(5010,'S0729',5,4,99),(5011,'S0729',4,1,96),(5012,'S0729',4,2,95),(5013,'S0729',4,3,98),(5014,'S0729',4,4,98),(5015,'S0729',3,1,96),(5016,'S0729',3,2,96),(5017,'S0729',3,3,95),(5018,'S0729',3,4,98),(5019,'S0729',2,1,99),(5020,'S0729',2,2,96),(5021,'S0729',2,3,97),(5022,'S0729',2,4,98),(5023,'S0729',1,1,97),(5024,'S0729',1,2,97),(5025,'S0729',1,3,97),(5026,'S0729',1,4,96),(5027,'S0730',6,1,70),(5028,'S0730',6,2,100),(5029,'S0730',6,3,66),(5030,'S0730',6,4,94),(5031,'S0730',5,1,91),(5032,'S0730',5,2,69),(5033,'S0730',5,3,95),(5034,'S0730',5,4,88),(5035,'S0730',4,1,95),(5036,'S0730',4,2,69),(5037,'S0730',4,3,84),(5038,'S0730',4,4,72),(5039,'S0730',3,1,88),(5040,'S0730',3,2,84),(5041,'S0730',3,3,97),(5042,'S0730',3,4,89),(5043,'S0730',2,1,97),(5044,'S0730',2,2,74),(5045,'S0730',2,3,62),(5046,'S0730',2,4,69),(5047,'S0730',1,1,100),(5048,'S0730',1,2,70),(5049,'S0730',1,3,73),(5050,'S0730',1,4,97),(5051,'S0801',6,1,81),(5052,'S0801',6,2,96),(5053,'S0801',6,3,95),(5054,'S0801',6,4,86),(5055,'S0801',5,1,87),(5056,'S0801',5,2,75),(5057,'S0801',5,3,98),(5058,'S0801',5,4,81),(5059,'S0801',4,1,92),(5060,'S0801',4,2,75),(5061,'S0801',4,3,80),(5062,'S0801',4,4,73),(5063,'S0801',3,1,69),(5064,'S0801',3,2,66),(5065,'S0801',3,3,64),(5066,'S0801',3,4,62),(5067,'S0801',2,1,98),(5068,'S0801',2,2,81),(5069,'S0801',2,3,93),(5070,'S0801',2,4,81),(5071,'S0801',1,1,67),(5072,'S0801',1,2,72),(5073,'S0801',1,3,100),(5074,'S0801',1,4,100),(5075,'S0802',6,1,99),(5076,'S0802',6,2,94),(5077,'S0802',6,3,73),(5078,'S0802',6,4,65),(5079,'S0802',5,1,87),(5080,'S0802',5,2,100),(5081,'S0802',5,3,98),(5082,'S0802',5,4,88),(5083,'S0802',4,1,87),(5084,'S0802',4,2,69),(5085,'S0802',4,3,66),(5086,'S0802',4,4,64),(5087,'S0802',3,1,64),(5088,'S0802',3,2,65),(5089,'S0802',3,3,77),(5090,'S0802',3,4,87),(5091,'S0802',2,1,64),(5092,'S0802',2,2,83),(5093,'S0802',2,3,80),(5094,'S0802',2,4,91),(5095,'S0802',1,1,73),(5096,'S0802',1,2,76),(5097,'S0802',1,3,100),(5098,'S0802',1,4,92),(5099,'S0803',6,1,97),(5100,'S0803',6,2,69),(5101,'S0803',6,3,78),(5102,'S0803',6,4,82),(5103,'S0803',5,1,74),(5104,'S0803',5,2,67),(5105,'S0803',5,3,92),(5106,'S0803',5,4,79),(5107,'S0803',4,1,100),(5108,'S0803',4,2,81),(5109,'S0803',4,3,87),(5110,'S0803',4,4,89),(5111,'S0803',3,1,83),(5112,'S0803',3,2,89),(5113,'S0803',3,3,94),(5114,'S0803',3,4,65),(5115,'S0803',2,1,63),(5116,'S0803',2,2,61),(5117,'S0803',2,3,96),(5118,'S0803',2,4,76),(5119,'S0803',1,1,71),(5120,'S0803',1,2,70),(5121,'S0803',1,3,77),(5122,'S0803',1,4,74),(5123,'S0804',6,1,80),(5124,'S0804',6,2,79),(5125,'S0804',6,3,95),(5126,'S0804',6,4,96),(5127,'S0804',5,1,94),(5128,'S0804',5,2,84),(5129,'S0804',5,3,75),(5130,'S0804',5,4,66),(5131,'S0804',4,1,87),(5132,'S0804',4,2,96),(5133,'S0804',4,3,77),(5134,'S0804',4,4,76),(5135,'S0804',3,1,92),(5136,'S0804',3,2,91),(5137,'S0804',3,3,77),(5138,'S0804',3,4,96),(5139,'S0804',2,1,63),(5140,'S0804',2,2,93),(5141,'S0804',2,3,95),(5142,'S0804',2,4,93),(5143,'S0804',1,1,79),(5144,'S0804',1,2,99),(5145,'S0804',1,3,75),(5146,'S0804',1,4,99),(5147,'S0805',6,1,88),(5148,'S0805',6,2,85),(5149,'S0805',6,3,61),(5150,'S0805',6,4,72),(5151,'S0805',5,1,76),(5152,'S0805',5,2,62),(5153,'S0805',5,3,64),(5154,'S0805',5,4,77),(5155,'S0805',4,1,90),(5156,'S0805',4,2,78),(5157,'S0805',4,3,62),(5158,'S0805',4,4,96),(5159,'S0805',3,1,70),(5160,'S0805',3,2,85),(5161,'S0805',3,3,73),(5162,'S0805',3,4,92),(5163,'S0805',2,1,100),(5164,'S0805',2,2,82),(5165,'S0805',2,3,93),(5166,'S0805',2,4,75),(5167,'S0805',1,1,77),(5168,'S0805',1,2,60),(5169,'S0805',1,3,90),(5170,'S0805',1,4,90),(5171,'S0806',6,1,97),(5172,'S0806',6,2,91),(5173,'S0806',6,3,60),(5174,'S0806',6,4,65),(5175,'S0806',5,1,84),(5176,'S0806',5,2,84),(5177,'S0806',5,3,68),(5178,'S0806',5,4,71),(5179,'S0806',4,1,92),(5180,'S0806',4,2,61),(5181,'S0806',4,3,96),(5182,'S0806',4,4,73),(5183,'S0806',3,1,98),(5184,'S0806',3,2,91),(5185,'S0806',3,3,100),(5186,'S0806',3,4,87),(5187,'S0806',2,1,73),(5188,'S0806',2,2,86),(5189,'S0806',2,3,68),(5190,'S0806',2,4,66),(5191,'S0806',1,1,68),(5192,'S0806',1,2,80),(5193,'S0806',1,3,95),(5194,'S0806',1,4,96),(5195,'S0807',6,1,92),(5196,'S0807',6,2,74),(5197,'S0807',6,3,73),(5198,'S0807',6,4,86),(5199,'S0807',5,1,70),(5200,'S0807',5,2,73),(5201,'S0807',5,3,94),(5202,'S0807',5,4,71),(5203,'S0807',4,1,93),(5204,'S0807',4,2,70),(5205,'S0807',4,3,96),(5206,'S0807',4,4,84),(5207,'S0807',3,1,73),(5208,'S0807',3,2,96),(5209,'S0807',3,3,78),(5210,'S0807',3,4,84),(5211,'S0807',2,1,86),(5212,'S0807',2,2,77),(5213,'S0807',2,3,66),(5214,'S0807',2,4,81),(5215,'S0807',1,1,68),(5216,'S0807',1,2,75),(5217,'S0807',1,3,72),(5218,'S0807',1,4,76),(5219,'S0808',6,1,63),(5220,'S0808',6,2,70),(5221,'S0808',6,3,100),(5222,'S0808',6,4,65),(5223,'S0808',5,1,92),(5224,'S0808',5,2,79),(5225,'S0808',5,3,60),(5226,'S0808',5,4,86),(5227,'S0808',4,1,69),(5228,'S0808',4,2,67),(5229,'S0808',4,3,69),(5230,'S0808',4,4,82),(5231,'S0808',3,1,65),(5232,'S0808',3,2,98),(5233,'S0808',3,3,75),(5234,'S0808',3,4,61),(5235,'S0808',2,1,63),(5236,'S0808',2,2,73),(5237,'S0808',2,3,74),(5238,'S0808',2,4,93),(5239,'S0808',1,1,99),(5240,'S0808',1,2,74),(5241,'S0808',1,3,96),(5242,'S0808',1,4,75),(5243,'S0809',6,1,71),(5244,'S0809',6,2,69),(5245,'S0809',6,3,58),(5246,'S0809',6,4,50),(5247,'S0809',5,1,77),(5248,'S0809',5,2,79),(5249,'S0809',5,3,65),(5250,'S0809',5,4,68),(5251,'S0809',4,1,87),(5252,'S0809',4,2,87),(5253,'S0809',4,3,76),(5254,'S0809',4,4,99),(5255,'S0809',3,1,87),(5256,'S0809',3,2,77),(5257,'S0809',3,3,65),(5258,'S0809',3,4,74),(5259,'S0809',2,1,77),(5260,'S0809',2,2,61),(5261,'S0809',2,3,98),(5262,'S0809',2,4,82),(5263,'S0809',1,1,97),(5264,'S0809',1,2,99),(5265,'S0809',1,3,62),(5266,'S0809',1,4,75),(5267,'S0810',6,1,90),(5268,'S0810',6,2,82),(5269,'S0810',6,3,81),(5270,'S0810',6,4,100),(5271,'S0810',5,1,76),(5272,'S0810',5,2,100),(5273,'S0810',5,3,92),(5274,'S0810',5,4,98),(5275,'S0810',4,1,71),(5276,'S0810',4,2,87),(5277,'S0810',4,3,79),(5278,'S0810',4,4,75),(5279,'S0810',3,1,77),(5280,'S0810',3,2,61),(5281,'S0810',3,3,96),(5282,'S0810',3,4,74),(5283,'S0810',2,1,65),(5284,'S0810',2,2,82),(5285,'S0810',2,3,75),(5286,'S0810',2,4,69),(5287,'S0810',1,1,61),(5288,'S0810',1,2,78),(5289,'S0810',1,3,66),(5290,'S0810',1,4,77),(5291,'S0811',6,1,87),(5292,'S0811',6,2,62),(5293,'S0811',6,3,63),(5294,'S0811',6,4,54),(5295,'S0811',5,1,84),(5296,'S0811',5,2,75),(5297,'S0811',5,3,65),(5298,'S0811',5,4,83),(5299,'S0811',4,1,77),(5300,'S0811',4,2,75),(5301,'S0811',4,3,85),(5302,'S0811',4,4,98),(5303,'S0811',3,1,96),(5304,'S0811',3,2,85),(5305,'S0811',3,3,76),(5306,'S0811',3,4,64),(5307,'S0811',2,1,76),(5308,'S0811',2,2,88),(5309,'S0811',2,3,69),(5310,'S0811',2,4,64),(5311,'S0811',1,1,93),(5312,'S0811',1,2,91),(5313,'S0811',1,3,78),(5314,'S0811',1,4,95),(5315,'S0812',6,1,96),(5316,'S0812',6,2,97),(5317,'S0812',6,3,60),(5318,'S0812',6,4,94),(5319,'S0812',5,1,68),(5320,'S0812',5,2,81),(5321,'S0812',5,3,99),(5322,'S0812',5,4,72),(5323,'S0812',4,1,84),(5324,'S0812',4,2,61),(5325,'S0812',4,3,75),(5326,'S0812',4,4,91),(5327,'S0812',3,1,88),(5328,'S0812',3,2,68),(5329,'S0812',3,3,98),(5330,'S0812',3,4,64),(5331,'S0812',2,1,86),(5332,'S0812',2,2,100),(5333,'S0812',2,3,60),(5334,'S0812',2,4,61),(5335,'S0812',1,1,68),(5336,'S0812',1,2,98),(5337,'S0812',1,3,60),(5338,'S0812',1,4,71),(5339,'S0813',6,1,98),(5340,'S0813',6,2,97),(5341,'S0813',6,3,95),(5342,'S0813',6,4,99),(5343,'S0813',5,1,97),(5344,'S0813',5,2,97),(5345,'S0813',5,3,99),(5346,'S0813',5,4,95),(5347,'S0813',4,1,98),(5348,'S0813',4,2,95),(5349,'S0813',4,3,97),(5350,'S0813',4,4,96),(5351,'S0813',3,1,97),(5352,'S0813',3,2,97),(5353,'S0813',3,3,97),(5354,'S0813',3,4,97),(5355,'S0813',2,1,95),(5356,'S0813',2,2,95),(5357,'S0813',2,3,95),(5358,'S0813',2,4,99),(5359,'S0813',1,1,97),(5360,'S0813',1,2,96),(5361,'S0813',1,3,95),(5362,'S0813',1,4,98),(5363,'S0814',6,1,62),(5364,'S0814',6,2,93),(5365,'S0814',6,3,96),(5366,'S0814',6,4,60),(5367,'S0814',5,1,73),(5368,'S0814',5,2,87),(5369,'S0814',5,3,72),(5370,'S0814',5,4,83),(5371,'S0814',4,1,97),(5372,'S0814',4,2,93),(5373,'S0814',4,3,76),(5374,'S0814',4,4,80),(5375,'S0814',3,1,73),(5376,'S0814',3,2,64),(5377,'S0814',3,3,83),(5378,'S0814',3,4,80),(5379,'S0814',2,1,92),(5380,'S0814',2,2,79),(5381,'S0814',2,3,100),(5382,'S0814',2,4,80),(5383,'S0814',1,1,82),(5384,'S0814',1,2,70),(5385,'S0814',1,3,86),(5386,'S0814',1,4,78),(5387,'S0815',6,1,71),(5388,'S0815',6,2,60),(5389,'S0815',6,3,72),(5390,'S0815',6,4,80),(5391,'S0815',5,1,80),(5392,'S0815',5,2,63),(5393,'S0815',5,3,95),(5394,'S0815',5,4,63),(5395,'S0815',4,1,93),(5396,'S0815',4,2,93),(5397,'S0815',4,3,85),(5398,'S0815',4,4,86),(5399,'S0815',3,1,75),(5400,'S0815',3,2,98),(5401,'S0815',3,3,85),(5402,'S0815',3,4,70),(5403,'S0815',2,1,78),(5404,'S0815',2,2,79),(5405,'S0815',2,3,100),(5406,'S0815',2,4,82),(5407,'S0815',1,1,91),(5408,'S0815',1,2,67),(5409,'S0815',1,3,86),(5410,'S0815',1,4,88),(5411,'S0816',6,1,79),(5412,'S0816',6,2,74),(5413,'S0816',6,3,61),(5414,'S0816',6,4,56),(5415,'S0816',5,1,64),(5416,'S0816',5,2,76),(5417,'S0816',5,3,87),(5418,'S0816',5,4,66),(5419,'S0816',4,1,91),(5420,'S0816',4,2,75),(5421,'S0816',4,3,82),(5422,'S0816',4,4,87),(5423,'S0816',3,1,85),(5424,'S0816',3,2,67),(5425,'S0816',3,3,61),(5426,'S0816',3,4,84),(5427,'S0816',2,1,98),(5428,'S0816',2,2,95),(5429,'S0816',2,3,82),(5430,'S0816',2,4,67),(5431,'S0816',1,1,67),(5432,'S0816',1,2,75),(5433,'S0816',1,3,75),(5434,'S0816',1,4,91),(5435,'S0817',6,1,89),(5436,'S0817',6,2,70),(5437,'S0817',6,3,64),(5438,'S0817',6,4,92),(5439,'S0817',5,1,88),(5440,'S0817',5,2,61),(5441,'S0817',5,3,62),(5442,'S0817',5,4,70),(5443,'S0817',4,1,64),(5444,'S0817',4,2,90),(5445,'S0817',4,3,75),(5446,'S0817',4,4,86),(5447,'S0817',3,1,64),(5448,'S0817',3,2,85),(5449,'S0817',3,3,93),(5450,'S0817',3,4,68),(5451,'S0817',2,1,84),(5452,'S0817',2,2,74),(5453,'S0817',2,3,61),(5454,'S0817',2,4,61),(5455,'S0817',1,1,62),(5456,'S0817',1,2,68),(5457,'S0817',1,3,96),(5458,'S0817',1,4,91),(5459,'S0818',6,1,67),(5460,'S0818',6,2,86),(5461,'S0818',6,3,87),(5462,'S0818',6,4,78),(5463,'S0818',5,1,68),(5464,'S0818',5,2,88),(5465,'S0818',5,3,95),(5466,'S0818',5,4,69),(5467,'S0818',4,1,81),(5468,'S0818',4,2,98),(5469,'S0818',4,3,65),(5470,'S0818',4,4,93),(5471,'S0818',3,1,90),(5472,'S0818',3,2,71),(5473,'S0818',3,3,64),(5474,'S0818',3,4,88),(5475,'S0818',2,1,67),(5476,'S0818',2,2,93),(5477,'S0818',2,3,83),(5478,'S0818',2,4,76),(5479,'S0818',1,1,72),(5480,'S0818',1,2,71),(5481,'S0818',1,3,80),(5482,'S0818',1,4,86),(5483,'S0819',6,1,91),(5484,'S0819',6,2,95),(5485,'S0819',6,3,63),(5486,'S0819',6,4,93),(5487,'S0819',5,1,91),(5488,'S0819',5,2,77),(5489,'S0819',5,3,92),(5490,'S0819',5,4,88),(5491,'S0819',4,1,65),(5492,'S0819',4,2,81),(5493,'S0819',4,3,71),(5494,'S0819',4,4,91),(5495,'S0819',3,1,62),(5496,'S0819',3,2,60),(5497,'S0819',3,3,95),(5498,'S0819',3,4,69),(5499,'S0819',2,1,85),(5500,'S0819',2,2,76),(5501,'S0819',2,3,67),(5502,'S0819',2,4,86),(5503,'S0819',1,1,90),(5504,'S0819',1,2,92),(5505,'S0819',1,3,89),(5506,'S0819',1,4,67),(5507,'S0820',6,1,91),(5508,'S0820',6,2,70),(5509,'S0820',6,3,100),(5510,'S0820',6,4,68),(5511,'S0820',5,1,62),(5512,'S0820',5,2,89),(5513,'S0820',5,3,77),(5514,'S0820',5,4,97),(5515,'S0820',4,1,73),(5516,'S0820',4,2,96),(5517,'S0820',4,3,78),(5518,'S0820',4,4,84),(5519,'S0820',3,1,87),(5520,'S0820',3,2,80),(5521,'S0820',3,3,82),(5522,'S0820',3,4,69),(5523,'S0820',2,1,82),(5524,'S0820',2,2,60),(5525,'S0820',2,3,75),(5526,'S0820',2,4,97),(5527,'S0820',1,1,76),(5528,'S0820',1,2,73),(5529,'S0820',1,3,76),(5530,'S0820',1,4,61),(5531,'S0821',6,1,97),(5532,'S0821',6,2,80),(5533,'S0821',6,3,91),(5534,'S0821',6,4,73),(5535,'S0821',5,1,75),(5536,'S0821',5,2,97),(5537,'S0821',5,3,77),(5538,'S0821',5,4,76),(5539,'S0821',4,1,88),(5540,'S0821',4,2,72),(5541,'S0821',4,3,78),(5542,'S0821',4,4,73),(5543,'S0821',3,1,71),(5544,'S0821',3,2,78),(5545,'S0821',3,3,74),(5546,'S0821',3,4,78),(5547,'S0821',2,1,66),(5548,'S0821',2,2,78),(5549,'S0821',2,3,93),(5550,'S0821',2,4,87),(5551,'S0821',1,1,100),(5552,'S0821',1,2,95),(5553,'S0821',1,3,74),(5554,'S0821',1,4,68),(5555,'S0822',6,1,62),(5556,'S0822',6,2,69),(5557,'S0822',6,3,70),(5558,'S0822',6,4,62),(5559,'S0822',5,1,61),(5560,'S0822',5,2,69),(5561,'S0822',5,3,62),(5562,'S0822',5,4,64),(5563,'S0822',4,1,64),(5564,'S0822',4,2,66),(5565,'S0822',4,3,67),(5566,'S0822',4,4,69),(5567,'S0822',3,1,65),(5568,'S0822',3,2,65),(5569,'S0822',3,3,61),(5570,'S0822',3,4,62),(5571,'S0822',2,1,67),(5572,'S0822',2,2,67),(5573,'S0822',2,3,67),(5574,'S0822',2,4,62),(5575,'S0822',1,1,68),(5576,'S0822',1,2,65),(5577,'S0822',1,3,69),(5578,'S0822',1,4,63),(5579,'S0823',6,1,92),(5580,'S0823',6,2,92),(5581,'S0823',6,3,85),(5582,'S0823',6,4,91),(5583,'S0823',5,1,98),(5584,'S0823',5,2,77),(5585,'S0823',5,3,72),(5586,'S0823',5,4,71),(5587,'S0823',4,1,78),(5588,'S0823',4,2,78),(5589,'S0823',4,3,95),(5590,'S0823',4,4,100),(5591,'S0823',3,1,75),(5592,'S0823',3,2,94),(5593,'S0823',3,3,66),(5594,'S0823',3,4,69),(5595,'S0823',2,1,89),(5596,'S0823',2,2,96),(5597,'S0823',2,3,70),(5598,'S0823',2,4,85),(5599,'S0823',1,1,74),(5600,'S0823',1,2,97),(5601,'S0823',1,3,81),(5602,'S0823',1,4,96),(5603,'S0824',6,1,95),(5604,'S0824',6,2,86),(5605,'S0824',6,3,84),(5606,'S0824',6,4,63),(5607,'S0824',5,1,85),(5608,'S0824',5,2,96),(5609,'S0824',5,3,82),(5610,'S0824',5,4,65),(5611,'S0824',4,1,100),(5612,'S0824',4,2,80),(5613,'S0824',4,3,83),(5614,'S0824',4,4,75),(5615,'S0824',3,1,66),(5616,'S0824',3,2,89),(5617,'S0824',3,3,61),(5618,'S0824',3,4,60),(5619,'S0824',2,1,100),(5620,'S0824',2,2,97),(5621,'S0824',2,3,84),(5622,'S0824',2,4,70),(5623,'S0824',1,1,81),(5624,'S0824',1,2,94),(5625,'S0824',1,3,84),(5626,'S0824',1,4,80),(5627,'S0825',6,1,87),(5628,'S0825',6,2,95),(5629,'S0825',6,3,74),(5630,'S0825',6,4,66),(5631,'S0825',5,1,90),(5632,'S0825',5,2,71),(5633,'S0825',5,3,64),(5634,'S0825',5,4,89),(5635,'S0825',4,1,69),(5636,'S0825',4,2,61),(5637,'S0825',4,3,78),(5638,'S0825',4,4,65),(5639,'S0825',3,1,72),(5640,'S0825',3,2,67),(5641,'S0825',3,3,99),(5642,'S0825',3,4,72),(5643,'S0825',2,1,83),(5644,'S0825',2,2,61),(5645,'S0825',2,3,75),(5646,'S0825',2,4,94),(5647,'S0825',1,1,61),(5648,'S0825',1,2,88),(5649,'S0825',1,3,73),(5650,'S0825',1,4,83),(5651,'S0826',6,1,96),(5652,'S0826',6,2,89),(5653,'S0826',6,3,97),(5654,'S0826',6,4,78),(5655,'S0826',5,1,78),(5656,'S0826',5,2,99),(5657,'S0826',5,3,78),(5658,'S0826',5,4,75),(5659,'S0826',4,1,81),(5660,'S0826',4,2,78),(5661,'S0826',4,3,88),(5662,'S0826',4,4,64),(5663,'S0826',3,1,77),(5664,'S0826',3,2,94),(5665,'S0826',3,3,99),(5666,'S0826',3,4,71),(5667,'S0826',2,1,80),(5668,'S0826',2,2,85),(5669,'S0826',2,3,87),(5670,'S0826',2,4,76),(5671,'S0826',1,1,63),(5672,'S0826',1,2,68),(5673,'S0826',1,3,91),(5674,'S0826',1,4,70),(5675,'S0827',6,1,68),(5676,'S0827',6,2,70),(5677,'S0827',6,3,64),(5678,'S0827',6,4,62),(5679,'S0827',5,1,67),(5680,'S0827',5,2,69),(5681,'S0827',5,3,66),(5682,'S0827',5,4,63),(5683,'S0827',4,1,64),(5684,'S0827',4,2,64),(5685,'S0827',4,3,65),(5686,'S0827',4,4,65),(5687,'S0827',3,1,61),(5688,'S0827',3,2,61),(5689,'S0827',3,3,61),(5690,'S0827',3,4,60),(5691,'S0827',2,1,69),(5692,'S0827',2,2,62),(5693,'S0827',2,3,66),(5694,'S0827',2,4,64),(5695,'S0827',1,1,63),(5696,'S0827',1,2,62),(5697,'S0827',1,3,69),(5698,'S0827',1,4,70),(5699,'S0828',6,1,95),(5700,'S0828',6,2,78),(5701,'S0828',6,3,85),(5702,'S0828',6,4,93),(5703,'S0828',5,1,69),(5704,'S0828',5,2,86),(5705,'S0828',5,3,84),(5706,'S0828',5,4,62),(5707,'S0828',4,1,80),(5708,'S0828',4,2,74),(5709,'S0828',4,3,68),(5710,'S0828',4,4,61),(5711,'S0828',3,1,82),(5712,'S0828',3,2,86),(5713,'S0828',3,3,82),(5714,'S0828',3,4,93),(5715,'S0828',2,1,79),(5716,'S0828',2,2,99),(5717,'S0828',2,3,72),(5718,'S0828',2,4,87),(5719,'S0828',1,1,76),(5720,'S0828',1,2,60),(5721,'S0828',1,3,95),(5722,'S0828',1,4,71),(5723,'S0829',6,1,96),(5724,'S0829',6,2,98),(5725,'S0829',6,3,97),(5726,'S0829',6,4,99),(5727,'S0829',5,1,97),(5728,'S0829',5,2,99),(5729,'S0829',5,3,95),(5730,'S0829',5,4,96),(5731,'S0829',4,1,96),(5732,'S0829',4,2,97),(5733,'S0829',4,3,99),(5734,'S0829',4,4,96),(5735,'S0829',3,1,96),(5736,'S0829',3,2,96),(5737,'S0829',3,3,96),(5738,'S0829',3,4,95),(5739,'S0829',2,1,97),(5740,'S0829',2,2,98),(5741,'S0829',2,3,98),(5742,'S0829',2,4,99),(5743,'S0829',1,1,98),(5744,'S0829',1,2,98),(5745,'S0829',1,3,97),(5746,'S0829',1,4,99),(5747,'S0830',6,1,100),(5748,'S0830',6,2,97),(5749,'S0830',6,3,68),(5750,'S0830',6,4,67),(5751,'S0830',5,1,72),(5752,'S0830',5,2,98),(5753,'S0830',5,3,92),(5754,'S0830',5,4,65),(5755,'S0830',4,1,70),(5756,'S0830',4,2,98),(5757,'S0830',4,3,97),(5758,'S0830',4,4,90),(5759,'S0830',3,1,61),(5760,'S0830',3,2,95),(5761,'S0830',3,3,71),(5762,'S0830',3,4,92),(5763,'S0830',2,1,64),(5764,'S0830',2,2,65),(5765,'S0830',2,3,76),(5766,'S0830',2,4,83),(5767,'S0830',1,1,85),(5768,'S0830',1,2,76),(5769,'S0830',1,3,66),(5770,'S0830',1,4,84),(5771,'S0901',6,1,81),(5772,'S0901',6,2,92),(5773,'S0901',6,3,78),(5774,'S0901',6,4,93),(5775,'S0901',5,1,90),(5776,'S0901',5,2,71),(5777,'S0901',5,3,68),(5778,'S0901',5,4,65),(5779,'S0901',4,1,64),(5780,'S0901',4,2,64),(5781,'S0901',4,3,69),(5782,'S0901',4,4,93),(5783,'S0901',3,1,77),(5784,'S0901',3,2,87),(5785,'S0901',3,3,63),(5786,'S0901',3,4,78),(5787,'S0901',2,1,97),(5788,'S0901',2,2,70),(5789,'S0901',2,3,82),(5790,'S0901',2,4,98),(5791,'S0901',1,1,64),(5792,'S0901',1,2,87),(5793,'S0901',1,3,63),(5794,'S0901',1,4,75),(5795,'S0902',6,1,88),(5796,'S0902',6,2,71),(5797,'S0902',6,3,75),(5798,'S0902',6,4,100),(5799,'S0902',5,1,95),(5800,'S0902',5,2,75),(5801,'S0902',5,3,71),(5802,'S0902',5,4,70),(5803,'S0902',4,1,77),(5804,'S0902',4,2,74),(5805,'S0902',4,3,80),(5806,'S0902',4,4,77),(5807,'S0902',3,1,88),(5808,'S0902',3,2,65),(5809,'S0902',3,3,85),(5810,'S0902',3,4,89),(5811,'S0902',2,1,90),(5812,'S0902',2,2,82),(5813,'S0902',2,3,81),(5814,'S0902',2,4,100),(5815,'S0902',1,1,76),(5816,'S0902',1,2,100),(5817,'S0902',1,3,91),(5818,'S0902',1,4,94),(5819,'S0903',6,1,61),(5820,'S0903',6,2,68),(5821,'S0903',6,3,68),(5822,'S0903',6,4,64),(5823,'S0903',5,1,66),(5824,'S0903',5,2,70),(5825,'S0903',5,3,70),(5826,'S0903',5,4,69),(5827,'S0903',4,1,67),(5828,'S0903',4,2,66),(5829,'S0903',4,3,62),(5830,'S0903',4,4,69),(5831,'S0903',3,1,70),(5832,'S0903',3,2,63),(5833,'S0903',3,3,65),(5834,'S0903',3,4,65),(5835,'S0903',2,1,62),(5836,'S0903',2,2,66),(5837,'S0903',2,3,61),(5838,'S0903',2,4,68),(5839,'S0903',1,1,69),(5840,'S0903',1,2,70),(5841,'S0903',1,3,62),(5842,'S0903',1,4,69),(5843,'S0904',6,1,68),(5844,'S0904',6,2,71),(5845,'S0904',6,3,92),(5846,'S0904',6,4,62),(5847,'S0904',5,1,100),(5848,'S0904',5,2,91),(5849,'S0904',5,3,95),(5850,'S0904',5,4,100),(5851,'S0904',4,1,73),(5852,'S0904',4,2,90),(5853,'S0904',4,3,87),(5854,'S0904',4,4,66),(5855,'S0904',3,1,91),(5856,'S0904',3,2,73),(5857,'S0904',3,3,76),(5858,'S0904',3,4,99),(5859,'S0904',2,1,87),(5860,'S0904',2,2,78),(5861,'S0904',2,3,70),(5862,'S0904',2,4,97),(5863,'S0904',1,1,91),(5864,'S0904',1,2,66),(5865,'S0904',1,3,79),(5866,'S0904',1,4,97),(5867,'S0905',6,1,67),(5868,'S0905',6,2,64),(5869,'S0905',6,3,62),(5870,'S0905',6,4,64),(5871,'S0905',5,1,68),(5872,'S0905',5,2,65),(5873,'S0905',5,3,61),(5874,'S0905',5,4,90),(5875,'S0905',4,1,87),(5876,'S0905',4,2,62),(5877,'S0905',4,3,72),(5878,'S0905',4,4,74),(5879,'S0905',3,1,96),(5880,'S0905',3,2,75),(5881,'S0905',3,3,69),(5882,'S0905',3,4,61),(5883,'S0905',2,1,78),(5884,'S0905',2,2,68),(5885,'S0905',2,3,85),(5886,'S0905',2,4,79),(5887,'S0905',1,1,81),(5888,'S0905',1,2,66),(5889,'S0905',1,3,69),(5890,'S0905',1,4,88),(5891,'S0906',6,1,91),(5892,'S0906',6,2,89),(5893,'S0906',6,3,73),(5894,'S0906',6,4,78),(5895,'S0906',5,1,72),(5896,'S0906',5,2,65),(5897,'S0906',5,3,90),(5898,'S0906',5,4,72),(5899,'S0906',4,1,73),(5900,'S0906',4,2,91),(5901,'S0906',4,3,93),(5902,'S0906',4,4,90),(5903,'S0906',3,1,70),(5904,'S0906',3,2,63),(5905,'S0906',3,3,87),(5906,'S0906',3,4,62),(5907,'S0906',2,1,72),(5908,'S0906',2,2,72),(5909,'S0906',2,3,87),(5910,'S0906',2,4,78),(5911,'S0906',1,1,67),(5912,'S0906',1,2,81),(5913,'S0906',1,3,66),(5914,'S0906',1,4,67),(5915,'S0907',6,1,79),(5916,'S0907',6,2,91),(5917,'S0907',6,3,77),(5918,'S0907',6,4,92),(5919,'S0907',5,1,89),(5920,'S0907',5,2,67),(5921,'S0907',5,3,89),(5922,'S0907',5,4,65),(5923,'S0907',4,1,79),(5924,'S0907',4,2,60),(5925,'S0907',4,3,85),(5926,'S0907',4,4,63),(5927,'S0907',3,1,83),(5928,'S0907',3,2,82),(5929,'S0907',3,3,62),(5930,'S0907',3,4,86),(5931,'S0907',2,1,62),(5932,'S0907',2,2,73),(5933,'S0907',2,3,78),(5934,'S0907',2,4,72),(5935,'S0907',1,1,66),(5936,'S0907',1,2,97),(5937,'S0907',1,3,61),(5938,'S0907',1,4,79),(5939,'S0908',6,1,96),(5940,'S0908',6,2,97),(5941,'S0908',6,3,98),(5942,'S0908',6,4,97),(5943,'S0908',5,1,96),(5944,'S0908',5,2,98),(5945,'S0908',5,3,98),(5946,'S0908',5,4,98),(5947,'S0908',4,1,97),(5948,'S0908',4,2,98),(5949,'S0908',4,3,98),(5950,'S0908',4,4,98),(5951,'S0908',3,1,99),(5952,'S0908',3,2,98),(5953,'S0908',3,3,96),(5954,'S0908',3,4,96),(5955,'S0908',2,1,97),(5956,'S0908',2,2,96),(5957,'S0908',2,3,95),(5958,'S0908',2,4,99),(5959,'S0908',1,1,98),(5960,'S0908',1,2,95),(5961,'S0908',1,3,98),(5962,'S0908',1,4,98),(5963,'S0909',6,1,72),(5964,'S0909',6,2,96),(5965,'S0909',6,3,54),(5966,'S0909',6,4,56),(5967,'S0909',5,1,64),(5968,'S0909',5,2,89),(5969,'S0909',5,3,72),(5970,'S0909',5,4,74),(5971,'S0909',4,1,96),(5972,'S0909',4,2,75),(5973,'S0909',4,3,66),(5974,'S0909',4,4,89),(5975,'S0909',3,1,63),(5976,'S0909',3,2,71),(5977,'S0909',3,3,67),(5978,'S0909',3,4,62),(5979,'S0909',2,1,89),(5980,'S0909',2,2,79),(5981,'S0909',2,3,66),(5982,'S0909',2,4,77),(5983,'S0909',1,1,85),(5984,'S0909',1,2,96),(5985,'S0909',1,3,81),(5986,'S0909',1,4,99),(5987,'S0910',6,1,70),(5988,'S0910',6,2,75),(5989,'S0910',6,3,65),(5990,'S0910',6,4,82),(5991,'S0910',5,1,72),(5992,'S0910',5,2,96),(5993,'S0910',5,3,81),(5994,'S0910',5,4,98),(5995,'S0910',4,1,67),(5996,'S0910',4,2,62),(5997,'S0910',4,3,91),(5998,'S0910',4,4,85),(5999,'S0910',3,1,92),(6000,'S0910',3,2,66),(6001,'S0910',3,3,75),(6002,'S0910',3,4,78),(6003,'S0910',2,1,63),(6004,'S0910',2,2,62),(6005,'S0910',2,3,61),(6006,'S0910',2,4,62),(6007,'S0910',1,1,65),(6008,'S0910',1,2,80),(6009,'S0910',1,3,64),(6010,'S0910',1,4,60),(6011,'S0911',6,1,98),(6012,'S0911',6,2,97),(6013,'S0911',6,3,95),(6014,'S0911',6,4,98),(6015,'S0911',5,1,97),(6016,'S0911',5,2,95),(6017,'S0911',5,3,95),(6018,'S0911',5,4,96),(6019,'S0911',4,1,96),(6020,'S0911',4,2,98),(6021,'S0911',4,3,98),(6022,'S0911',4,4,99),(6023,'S0911',3,1,98),(6024,'S0911',3,2,98),(6025,'S0911',3,3,96),(6026,'S0911',3,4,98),(6027,'S0911',2,1,97),(6028,'S0911',2,2,97),(6029,'S0911',2,3,97),(6030,'S0911',2,4,98),(6031,'S0911',1,1,97),(6032,'S0911',1,2,98),(6033,'S0911',1,3,95),(6034,'S0911',1,4,99),(6035,'S0912',6,1,91),(6036,'S0912',6,2,98),(6037,'S0912',6,3,77),(6038,'S0912',6,4,69),(6039,'S0912',5,1,98),(6040,'S0912',5,2,99),(6041,'S0912',5,3,60),(6042,'S0912',5,4,68),(6043,'S0912',4,1,100),(6044,'S0912',4,2,73),(6045,'S0912',4,3,86),(6046,'S0912',4,4,68),(6047,'S0912',3,1,66),(6048,'S0912',3,2,67),(6049,'S0912',3,3,75),(6050,'S0912',3,4,76),(6051,'S0912',2,1,96),(6052,'S0912',2,2,67),(6053,'S0912',2,3,69),(6054,'S0912',2,4,86),(6055,'S0912',1,1,81),(6056,'S0912',1,2,86),(6057,'S0912',1,3,88),(6058,'S0912',1,4,82),(6059,'S0913',6,1,87),(6060,'S0913',6,2,90),(6061,'S0913',6,3,86),(6062,'S0913',6,4,60),(6063,'S0913',5,1,64),(6064,'S0913',5,2,82),(6065,'S0913',5,3,76),(6066,'S0913',5,4,73),(6067,'S0913',4,1,77),(6068,'S0913',4,2,65),(6069,'S0913',4,3,78),(6070,'S0913',4,4,93),(6071,'S0913',3,1,91),(6072,'S0913',3,2,73),(6073,'S0913',3,3,74),(6074,'S0913',3,4,92),(6075,'S0913',2,1,97),(6076,'S0913',2,2,67),(6077,'S0913',2,3,66),(6078,'S0913',2,4,68),(6079,'S0913',1,1,85),(6080,'S0913',1,2,81),(6081,'S0913',1,3,88),(6082,'S0913',1,4,96),(6083,'S0914',6,1,77),(6084,'S0914',6,2,77),(6085,'S0914',6,3,97),(6086,'S0914',6,4,68),(6087,'S0914',5,1,73),(6088,'S0914',5,2,100),(6089,'S0914',5,3,100),(6090,'S0914',5,4,99),(6091,'S0914',4,1,96),(6092,'S0914',4,2,80),(6093,'S0914',4,3,94),(6094,'S0914',4,4,89),(6095,'S0914',3,1,64),(6096,'S0914',3,2,74),(6097,'S0914',3,3,80),(6098,'S0914',3,4,74),(6099,'S0914',2,1,73),(6100,'S0914',2,2,82),(6101,'S0914',2,3,93),(6102,'S0914',2,4,75),(6103,'S0914',1,1,80),(6104,'S0914',1,2,72),(6105,'S0914',1,3,63),(6106,'S0914',1,4,78),(6107,'S0915',6,1,60),(6108,'S0915',6,2,89),(6109,'S0915',6,3,83),(6110,'S0915',6,4,90),(6111,'S0915',5,1,99),(6112,'S0915',5,2,82),(6113,'S0915',5,3,97),(6114,'S0915',5,4,95),(6115,'S0915',4,1,85),(6116,'S0915',4,2,81),(6117,'S0915',4,3,92),(6118,'S0915',4,4,73),(6119,'S0915',3,1,72),(6120,'S0915',3,2,80),(6121,'S0915',3,3,84),(6122,'S0915',3,4,78),(6123,'S0915',2,1,80),(6124,'S0915',2,2,66),(6125,'S0915',2,3,70),(6126,'S0915',2,4,95),(6127,'S0915',1,1,81),(6128,'S0915',1,2,100),(6129,'S0915',1,3,76),(6130,'S0915',1,4,60),(6131,'S0916',6,1,96),(6132,'S0916',6,2,76),(6133,'S0916',6,3,75),(6134,'S0916',6,4,88),(6135,'S0916',5,1,74),(6136,'S0916',5,2,84),(6137,'S0916',5,3,100),(6138,'S0916',5,4,67),(6139,'S0916',4,1,96),(6140,'S0916',4,2,99),(6141,'S0916',4,3,63),(6142,'S0916',4,4,80),(6143,'S0916',3,1,72),(6144,'S0916',3,2,61),(6145,'S0916',3,3,69),(6146,'S0916',3,4,60),(6147,'S0916',2,1,78),(6148,'S0916',2,2,66),(6149,'S0916',2,3,79),(6150,'S0916',2,4,98),(6151,'S0916',1,1,68),(6152,'S0916',1,2,71),(6153,'S0916',1,3,92),(6154,'S0916',1,4,63),(6155,'S0917',6,1,63),(6156,'S0917',6,2,66),(6157,'S0917',6,3,83),(6158,'S0917',6,4,76),(6159,'S0917',5,1,69),(6160,'S0917',5,2,98),(6161,'S0917',5,3,100),(6162,'S0917',5,4,64),(6163,'S0917',4,1,83),(6164,'S0917',4,2,83),(6165,'S0917',4,3,66),(6166,'S0917',4,4,63),(6167,'S0917',3,1,97),(6168,'S0917',3,2,74),(6169,'S0917',3,3,60),(6170,'S0917',3,4,61),(6171,'S0917',2,1,63),(6172,'S0917',2,2,74),(6173,'S0917',2,3,80),(6174,'S0917',2,4,79),(6175,'S0917',1,1,95),(6176,'S0917',1,2,97),(6177,'S0917',1,3,100),(6178,'S0917',1,4,67),(6179,'S0918',6,1,99),(6180,'S0918',6,2,70),(6181,'S0918',6,3,76),(6182,'S0918',6,4,67),(6183,'S0918',5,1,90),(6184,'S0918',5,2,68),(6185,'S0918',5,3,89),(6186,'S0918',5,4,62),(6187,'S0918',4,1,64),(6188,'S0918',4,2,76),(6189,'S0918',4,3,88),(6190,'S0918',4,4,71),(6191,'S0918',3,1,70),(6192,'S0918',3,2,77),(6193,'S0918',3,3,75),(6194,'S0918',3,4,83),(6195,'S0918',2,1,91),(6196,'S0918',2,2,63),(6197,'S0918',2,3,65),(6198,'S0918',2,4,79),(6199,'S0918',1,1,97),(6200,'S0918',1,2,67),(6201,'S0918',1,3,66),(6202,'S0918',1,4,69),(6203,'S0919',6,1,90),(6204,'S0919',6,2,99),(6205,'S0919',6,3,56),(6206,'S0919',6,4,59),(6207,'S0919',5,1,90),(6208,'S0919',5,2,90),(6209,'S0919',5,3,78),(6210,'S0919',5,4,60),(6211,'S0919',4,1,90),(6212,'S0919',4,2,86),(6213,'S0919',4,3,61),(6214,'S0919',4,4,67),(6215,'S0919',3,1,93),(6216,'S0919',3,2,81),(6217,'S0919',3,3,65),(6218,'S0919',3,4,66),(6219,'S0919',2,1,75),(6220,'S0919',2,2,78),(6221,'S0919',2,3,61),(6222,'S0919',2,4,97),(6223,'S0919',1,1,77),(6224,'S0919',1,2,77),(6225,'S0919',1,3,95),(6226,'S0919',1,4,60),(6227,'S0920',6,1,81),(6228,'S0920',6,2,80),(6229,'S0920',6,3,100),(6230,'S0920',6,4,78),(6231,'S0920',5,1,71),(6232,'S0920',5,2,61),(6233,'S0920',5,3,74),(6234,'S0920',5,4,84),(6235,'S0920',4,1,100),(6236,'S0920',4,2,63),(6237,'S0920',4,3,81),(6238,'S0920',4,4,76),(6239,'S0920',3,1,74),(6240,'S0920',3,2,84),(6241,'S0920',3,3,96),(6242,'S0920',3,4,88),(6243,'S0920',2,1,91),(6244,'S0920',2,2,89),(6245,'S0920',2,3,74),(6246,'S0920',2,4,83),(6247,'S0920',1,1,95),(6248,'S0920',1,2,82),(6249,'S0920',1,3,66),(6250,'S0920',1,4,67),(6251,'S0921',6,1,66),(6252,'S0921',6,2,62),(6253,'S0921',6,3,61),(6254,'S0921',6,4,61),(6255,'S0921',5,1,62),(6256,'S0921',5,2,68),(6257,'S0921',5,3,63),(6258,'S0921',5,4,70),(6259,'S0921',4,1,70),(6260,'S0921',4,2,69),(6261,'S0921',4,3,68),(6262,'S0921',4,4,61),(6263,'S0921',3,1,63),(6264,'S0921',3,2,61),(6265,'S0921',3,3,65),(6266,'S0921',3,4,61),(6267,'S0921',2,1,62),(6268,'S0921',2,2,66),(6269,'S0921',2,3,62),(6270,'S0921',2,4,64),(6271,'S0921',1,1,65),(6272,'S0921',1,2,64),(6273,'S0921',1,3,62),(6274,'S0921',1,4,70),(6275,'S0922',6,1,94),(6276,'S0922',6,2,90),(6277,'S0922',6,3,100),(6278,'S0922',6,4,97),(6279,'S0922',5,1,87),(6280,'S0922',5,2,85),(6281,'S0922',5,3,63),(6282,'S0922',5,4,80),(6283,'S0922',4,1,73),(6284,'S0922',4,2,64),(6285,'S0922',4,3,84),(6286,'S0922',4,4,85),(6287,'S0922',3,1,74),(6288,'S0922',3,2,98),(6289,'S0922',3,3,83),(6290,'S0922',3,4,61),(6291,'S0922',2,1,81),(6292,'S0922',2,2,77),(6293,'S0922',2,3,85),(6294,'S0922',2,4,95),(6295,'S0922',1,1,76),(6296,'S0922',1,2,75),(6297,'S0922',1,3,90),(6298,'S0922',1,4,84),(6299,'S0923',6,1,99),(6300,'S0923',6,2,93),(6301,'S0923',6,3,63),(6302,'S0923',6,4,68),(6303,'S0923',5,1,91),(6304,'S0923',5,2,67),(6305,'S0923',5,3,86),(6306,'S0923',5,4,86),(6307,'S0923',4,1,73),(6308,'S0923',4,2,87),(6309,'S0923',4,3,77),(6310,'S0923',4,4,62),(6311,'S0923',3,1,60),(6312,'S0923',3,2,97),(6313,'S0923',3,3,83),(6314,'S0923',3,4,62),(6315,'S0923',2,1,83),(6316,'S0923',2,2,90),(6317,'S0923',2,3,60),(6318,'S0923',2,4,91),(6319,'S0923',1,1,93),(6320,'S0923',1,2,93),(6321,'S0923',1,3,86),(6322,'S0923',1,4,92),(6323,'S0924',6,1,100),(6324,'S0924',6,2,83),(6325,'S0924',6,3,98),(6326,'S0924',6,4,99),(6327,'S0924',5,1,99),(6328,'S0924',5,2,100),(6329,'S0924',5,3,61),(6330,'S0924',5,4,68),(6331,'S0924',4,1,97),(6332,'S0924',4,2,99),(6333,'S0924',4,3,61),(6334,'S0924',4,4,71),(6335,'S0924',3,1,72),(6336,'S0924',3,2,87),(6337,'S0924',3,3,79),(6338,'S0924',3,4,73),(6339,'S0924',2,1,71),(6340,'S0924',2,2,75),(6341,'S0924',2,3,60),(6342,'S0924',2,4,99),(6343,'S0924',1,1,92),(6344,'S0924',1,2,63),(6345,'S0924',1,3,60),(6346,'S0924',1,4,92),(6347,'S0925',6,1,100),(6348,'S0925',6,2,82),(6349,'S0925',6,3,91),(6350,'S0925',6,4,69),(6351,'S0925',5,1,95),(6352,'S0925',5,2,84),(6353,'S0925',5,3,74),(6354,'S0925',5,4,61),(6355,'S0925',4,1,66),(6356,'S0925',4,2,84),(6357,'S0925',4,3,82),(6358,'S0925',4,4,98),(6359,'S0925',3,1,64),(6360,'S0925',3,2,86),(6361,'S0925',3,3,98),(6362,'S0925',3,4,92),(6363,'S0925',2,1,66),(6364,'S0925',2,2,76),(6365,'S0925',2,3,82),(6366,'S0925',2,4,82),(6367,'S0925',1,1,63),(6368,'S0925',1,2,91),(6369,'S0925',1,3,85),(6370,'S0925',1,4,91),(6371,'S0926',6,1,60),(6372,'S0926',6,2,91),(6373,'S0926',6,3,93),(6374,'S0926',6,4,92),(6375,'S0926',5,1,79),(6376,'S0926',5,2,60),(6377,'S0926',5,3,86),(6378,'S0926',5,4,67),(6379,'S0926',4,1,98),(6380,'S0926',4,2,68),(6381,'S0926',4,3,67),(6382,'S0926',4,4,73),(6383,'S0926',3,1,62),(6384,'S0926',3,2,72),(6385,'S0926',3,3,76),(6386,'S0926',3,4,62),(6387,'S0926',2,1,62),(6388,'S0926',2,2,64),(6389,'S0926',2,3,75),(6390,'S0926',2,4,81),(6391,'S0926',1,1,83),(6392,'S0926',1,2,68),(6393,'S0926',1,3,76),(6394,'S0926',1,4,74),(6395,'S0927',6,1,83),(6396,'S0927',6,2,92),(6397,'S0927',6,3,68),(6398,'S0927',6,4,88),(6399,'S0927',5,1,96),(6400,'S0927',5,2,74),(6401,'S0927',5,3,63),(6402,'S0927',5,4,73),(6403,'S0927',4,1,76),(6404,'S0927',4,2,62),(6405,'S0927',4,3,65),(6406,'S0927',4,4,76),(6407,'S0927',3,1,86),(6408,'S0927',3,2,60),(6409,'S0927',3,3,65),(6410,'S0927',3,4,85),(6411,'S0927',2,1,89),(6412,'S0927',2,2,90),(6413,'S0927',2,3,80),(6414,'S0927',2,4,73),(6415,'S0927',1,1,64),(6416,'S0927',1,2,85),(6417,'S0927',1,3,89),(6418,'S0927',1,4,88),(6419,'S0928',6,1,75),(6420,'S0928',6,2,94),(6421,'S0928',6,3,60),(6422,'S0928',6,4,84),(6423,'S0928',5,1,97),(6424,'S0928',5,2,92),(6425,'S0928',5,3,68),(6426,'S0928',5,4,87),(6427,'S0928',4,1,88),(6428,'S0928',4,2,79),(6429,'S0928',4,3,71),(6430,'S0928',4,4,60),(6431,'S0928',3,1,67),(6432,'S0928',3,2,96),(6433,'S0928',3,3,95),(6434,'S0928',3,4,87),(6435,'S0928',2,1,92),(6436,'S0928',2,2,97),(6437,'S0928',2,3,66),(6438,'S0928',2,4,64),(6439,'S0928',1,1,61),(6440,'S0928',1,2,95),(6441,'S0928',1,3,67),(6442,'S0928',1,4,74),(6443,'S0929',6,1,70),(6444,'S0929',6,2,66),(6445,'S0929',6,3,62),(6446,'S0929',6,4,95),(6447,'S0929',5,1,64),(6448,'S0929',5,2,97),(6449,'S0929',5,3,69),(6450,'S0929',5,4,78),(6451,'S0929',4,1,84),(6452,'S0929',4,2,83),(6453,'S0929',4,3,65),(6454,'S0929',4,4,97),(6455,'S0929',3,1,68),(6456,'S0929',3,2,70),(6457,'S0929',3,3,89),(6458,'S0929',3,4,92),(6459,'S0929',2,1,92),(6460,'S0929',2,2,83),(6461,'S0929',2,3,80),(6462,'S0929',2,4,90),(6463,'S0929',1,1,70),(6464,'S0929',1,2,61),(6465,'S0929',1,3,77),(6466,'S0929',1,4,61),(6467,'S0930',6,1,95),(6468,'S0930',6,2,67),(6469,'S0930',6,3,75),(6470,'S0930',6,4,75),(6471,'S0930',5,1,87),(6472,'S0930',5,2,71),(6473,'S0930',5,3,75),(6474,'S0930',5,4,63),(6475,'S0930',4,1,70),(6476,'S0930',4,2,62),(6477,'S0930',4,3,80),(6478,'S0930',4,4,73),(6479,'S0930',3,1,65),(6480,'S0930',3,2,89),(6481,'S0930',3,3,66),(6482,'S0930',3,4,86),(6483,'S0930',2,1,90),(6484,'S0930',2,2,92),(6485,'S0930',2,3,91),(6486,'S0930',2,4,75),(6487,'S0930',1,1,87),(6488,'S0930',1,2,68),(6489,'S0930',1,3,60),(6490,'S0930',1,4,76),(6491,'S1001',6,1,60),(6492,'S1001',6,2,96),(6493,'S1001',6,3,75),(6494,'S1001',6,4,69),(6495,'S1001',5,1,100),(6496,'S1001',5,2,69),(6497,'S1001',5,3,67),(6498,'S1001',5,4,68),(6499,'S1001',4,1,81),(6500,'S1001',4,2,99),(6501,'S1001',4,3,71),(6502,'S1001',4,4,82),(6503,'S1001',3,1,94),(6504,'S1001',3,2,84),(6505,'S1001',3,3,80),(6506,'S1001',3,4,87),(6507,'S1001',2,1,95),(6508,'S1001',2,2,71),(6509,'S1001',2,3,95),(6510,'S1001',2,4,77),(6511,'S1001',1,1,81),(6512,'S1001',1,2,73),(6513,'S1001',1,3,63),(6514,'S1001',1,4,77),(6515,'S1002',6,1,97),(6516,'S1002',6,2,71),(6517,'S1002',6,3,86),(6518,'S1002',6,4,76),(6519,'S1002',5,1,62),(6520,'S1002',5,2,65),(6521,'S1002',5,3,80),(6522,'S1002',5,4,61),(6523,'S1002',4,1,89),(6524,'S1002',4,2,78),(6525,'S1002',4,3,65),(6526,'S1002',4,4,72),(6527,'S1002',3,1,64),(6528,'S1002',3,2,88),(6529,'S1002',3,3,62),(6530,'S1002',3,4,70),(6531,'S1002',2,1,65),(6532,'S1002',2,2,93),(6533,'S1002',2,3,91),(6534,'S1002',2,4,75),(6535,'S1002',1,1,81),(6536,'S1002',1,2,82),(6537,'S1002',1,3,67),(6538,'S1002',1,4,68),(6539,'S1003',6,1,82),(6540,'S1003',6,2,62),(6541,'S1003',6,3,88),(6542,'S1003',6,4,72),(6543,'S1003',5,1,79),(6544,'S1003',5,2,75),(6545,'S1003',5,3,81),(6546,'S1003',5,4,78),(6547,'S1003',4,1,87),(6548,'S1003',4,2,99),(6549,'S1003',4,3,96),(6550,'S1003',4,4,82),(6551,'S1003',3,1,60),(6552,'S1003',3,2,80),(6553,'S1003',3,3,76),(6554,'S1003',3,4,82),(6555,'S1003',2,1,79),(6556,'S1003',2,2,91),(6557,'S1003',2,3,77),(6558,'S1003',2,4,93),(6559,'S1003',1,1,93),(6560,'S1003',1,2,84),(6561,'S1003',1,3,83),(6562,'S1003',1,4,64),(6563,'S1004',6,1,97),(6564,'S1004',6,2,96),(6565,'S1004',6,3,98),(6566,'S1004',6,4,96),(6567,'S1004',5,1,98),(6568,'S1004',5,2,95),(6569,'S1004',5,3,95),(6570,'S1004',5,4,95),(6571,'S1004',4,1,99),(6572,'S1004',4,2,98),(6573,'S1004',4,3,97),(6574,'S1004',4,4,97),(6575,'S1004',3,1,98),(6576,'S1004',3,2,96),(6577,'S1004',3,3,95),(6578,'S1004',3,4,97),(6579,'S1004',2,1,95),(6580,'S1004',2,2,99),(6581,'S1004',2,3,97),(6582,'S1004',2,4,95),(6583,'S1004',1,1,98),(6584,'S1004',1,2,98),(6585,'S1004',1,3,97),(6586,'S1004',1,4,95),(6587,'S1005',6,1,76),(6588,'S1005',6,2,77),(6589,'S1005',6,3,99),(6590,'S1005',6,4,81),(6591,'S1005',5,1,91),(6592,'S1005',5,2,69),(6593,'S1005',5,3,96),(6594,'S1005',5,4,89),(6595,'S1005',4,1,99),(6596,'S1005',4,2,87),(6597,'S1005',4,3,77),(6598,'S1005',4,4,65),(6599,'S1005',3,1,76),(6600,'S1005',3,2,86),(6601,'S1005',3,3,100),(6602,'S1005',3,4,100),(6603,'S1005',2,1,60),(6604,'S1005',2,2,61),(6605,'S1005',2,3,69),(6606,'S1005',2,4,99),(6607,'S1005',1,1,65),(6608,'S1005',1,2,93),(6609,'S1005',1,3,88),(6610,'S1005',1,4,60),(6611,'S1006',6,1,98),(6612,'S1006',6,2,85),(6613,'S1006',6,3,75),(6614,'S1006',6,4,100),(6615,'S1006',5,1,93),(6616,'S1006',5,2,62),(6617,'S1006',5,3,97),(6618,'S1006',5,4,75),(6619,'S1006',4,1,64),(6620,'S1006',4,2,76),(6621,'S1006',4,3,89),(6622,'S1006',4,4,75),(6623,'S1006',3,1,91),(6624,'S1006',3,2,88),(6625,'S1006',3,3,65),(6626,'S1006',3,4,84),(6627,'S1006',2,1,84),(6628,'S1006',2,2,65),(6629,'S1006',2,3,98),(6630,'S1006',2,4,72),(6631,'S1006',1,1,87),(6632,'S1006',1,2,76),(6633,'S1006',1,3,61),(6634,'S1006',1,4,100),(6635,'S1007',6,1,92),(6636,'S1007',6,2,100),(6637,'S1007',6,3,84),(6638,'S1007',6,4,100),(6639,'S1007',5,1,68),(6640,'S1007',5,2,61),(6641,'S1007',5,3,83),(6642,'S1007',5,4,88),(6643,'S1007',4,1,93),(6644,'S1007',4,2,100),(6645,'S1007',4,3,80),(6646,'S1007',4,4,81),(6647,'S1007',3,1,64),(6648,'S1007',3,2,100),(6649,'S1007',3,3,84),(6650,'S1007',3,4,63),(6651,'S1007',2,1,84),(6652,'S1007',2,2,87),(6653,'S1007',2,3,86),(6654,'S1007',2,4,67),(6655,'S1007',1,1,98),(6656,'S1007',1,2,66),(6657,'S1007',1,3,99),(6658,'S1007',1,4,73),(6659,'S1008',6,1,93),(6660,'S1008',6,2,61),(6661,'S1008',6,3,93),(6662,'S1008',6,4,96),(6663,'S1008',5,1,60),(6664,'S1008',5,2,76),(6665,'S1008',5,3,100),(6666,'S1008',5,4,88),(6667,'S1008',4,1,81),(6668,'S1008',4,2,83),(6669,'S1008',4,3,69),(6670,'S1008',4,4,78),(6671,'S1008',3,1,83),(6672,'S1008',3,2,82),(6673,'S1008',3,3,99),(6674,'S1008',3,4,68),(6675,'S1008',2,1,65),(6676,'S1008',2,2,62),(6677,'S1008',2,3,96),(6678,'S1008',2,4,73),(6679,'S1008',1,1,97),(6680,'S1008',1,2,83),(6681,'S1008',1,3,66),(6682,'S1008',1,4,60),(6683,'S1009',6,1,87),(6684,'S1009',6,2,70),(6685,'S1009',6,3,73),(6686,'S1009',6,4,92),(6687,'S1009',5,1,61),(6688,'S1009',5,2,92),(6689,'S1009',5,3,95),(6690,'S1009',5,4,98),(6691,'S1009',4,1,63),(6692,'S1009',4,2,84),(6693,'S1009',4,3,88),(6694,'S1009',4,4,90),(6695,'S1009',3,1,85),(6696,'S1009',3,2,95),(6697,'S1009',3,3,77),(6698,'S1009',3,4,84),(6699,'S1009',2,1,88),(6700,'S1009',2,2,86),(6701,'S1009',2,3,66),(6702,'S1009',2,4,94),(6703,'S1009',1,1,89),(6704,'S1009',1,2,63),(6705,'S1009',1,3,71),(6706,'S1009',1,4,64),(6707,'S1010',6,1,100),(6708,'S1010',6,2,95),(6709,'S1010',6,3,73),(6710,'S1010',6,4,61),(6711,'S1010',5,1,67),(6712,'S1010',5,2,94),(6713,'S1010',5,3,85),(6714,'S1010',5,4,86),(6715,'S1010',4,1,72),(6716,'S1010',4,2,85),(6717,'S1010',4,3,68),(6718,'S1010',4,4,66),(6719,'S1010',3,1,66),(6720,'S1010',3,2,73),(6721,'S1010',3,3,65),(6722,'S1010',3,4,91),(6723,'S1010',2,1,74),(6724,'S1010',2,2,78),(6725,'S1010',2,3,71),(6726,'S1010',2,4,100),(6727,'S1010',1,1,63),(6728,'S1010',1,2,78),(6729,'S1010',1,3,100),(6730,'S1010',1,4,86),(6731,'S1011',6,1,71),(6732,'S1011',6,2,78),(6733,'S1011',6,3,76),(6734,'S1011',6,4,88),(6735,'S1011',5,1,69),(6736,'S1011',5,2,61),(6737,'S1011',5,3,83),(6738,'S1011',5,4,87),(6739,'S1011',4,1,88),(6740,'S1011',4,2,80),(6741,'S1011',4,3,73),(6742,'S1011',4,4,68),(6743,'S1011',3,1,60),(6744,'S1011',3,2,76),(6745,'S1011',3,3,60),(6746,'S1011',3,4,95),(6747,'S1011',2,1,70),(6748,'S1011',2,2,87),(6749,'S1011',2,3,85),(6750,'S1011',2,4,65),(6751,'S1011',1,1,92),(6752,'S1011',1,2,80),(6753,'S1011',1,3,68),(6754,'S1011',1,4,79),(6755,'S1012',6,1,90),(6756,'S1012',6,2,70),(6757,'S1012',6,3,64),(6758,'S1012',6,4,93),(6759,'S1012',5,1,88),(6760,'S1012',5,2,61),(6761,'S1012',5,3,64),(6762,'S1012',5,4,75),(6763,'S1012',4,1,86),(6764,'S1012',4,2,61),(6765,'S1012',4,3,69),(6766,'S1012',4,4,64),(6767,'S1012',3,1,94),(6768,'S1012',3,2,94),(6769,'S1012',3,3,88),(6770,'S1012',3,4,99),(6771,'S1012',2,1,88),(6772,'S1012',2,2,86),(6773,'S1012',2,3,63),(6774,'S1012',2,4,79),(6775,'S1012',1,1,67),(6776,'S1012',1,2,77),(6777,'S1012',1,3,84),(6778,'S1012',1,4,87),(6779,'S1013',6,1,68),(6780,'S1013',6,2,69),(6781,'S1013',6,3,63),(6782,'S1013',6,4,64),(6783,'S1013',5,1,64),(6784,'S1013',5,2,67),(6785,'S1013',5,3,63),(6786,'S1013',5,4,65),(6787,'S1013',4,1,64),(6788,'S1013',4,2,65),(6789,'S1013',4,3,64),(6790,'S1013',4,4,67),(6791,'S1013',3,1,61),(6792,'S1013',3,2,64),(6793,'S1013',3,3,66),(6794,'S1013',3,4,67),(6795,'S1013',2,1,70),(6796,'S1013',2,2,68),(6797,'S1013',2,3,69),(6798,'S1013',2,4,69),(6799,'S1013',1,1,62),(6800,'S1013',1,2,61),(6801,'S1013',1,3,69),(6802,'S1013',1,4,64),(6803,'S1014',6,1,83),(6804,'S1014',6,2,74),(6805,'S1014',6,3,60),(6806,'S1014',6,4,100),(6807,'S1014',5,1,96),(6808,'S1014',5,2,80),(6809,'S1014',5,3,94),(6810,'S1014',5,4,87),(6811,'S1014',4,1,94),(6812,'S1014',4,2,68),(6813,'S1014',4,3,79),(6814,'S1014',4,4,93),(6815,'S1014',3,1,86),(6816,'S1014',3,2,91),(6817,'S1014',3,3,97),(6818,'S1014',3,4,71),(6819,'S1014',2,1,88),(6820,'S1014',2,2,84),(6821,'S1014',2,3,96),(6822,'S1014',2,4,88),(6823,'S1014',1,1,93),(6824,'S1014',1,2,98),(6825,'S1014',1,3,70),(6826,'S1014',1,4,80),(6827,'S1015',6,1,88),(6828,'S1015',6,2,99),(6829,'S1015',6,3,56),(6830,'S1015',6,4,58),(6831,'S1015',5,1,87),(6832,'S1015',5,2,61),(6833,'S1015',5,3,68),(6834,'S1015',5,4,96),(6835,'S1015',4,1,93),(6836,'S1015',4,2,76),(6837,'S1015',4,3,84),(6838,'S1015',4,4,90),(6839,'S1015',3,1,98),(6840,'S1015',3,2,78),(6841,'S1015',3,3,79),(6842,'S1015',3,4,62),(6843,'S1015',2,1,92),(6844,'S1015',2,2,93),(6845,'S1015',2,3,90),(6846,'S1015',2,4,68),(6847,'S1015',1,1,93),(6848,'S1015',1,2,79),(6849,'S1015',1,3,98),(6850,'S1015',1,4,70),(6851,'S1016',6,1,78),(6852,'S1016',6,2,78),(6853,'S1016',6,3,55),(6854,'S1016',6,4,63),(6855,'S1016',5,1,73),(6856,'S1016',5,2,62),(6857,'S1016',5,3,72),(6858,'S1016',5,4,71),(6859,'S1016',4,1,81),(6860,'S1016',4,2,92),(6861,'S1016',4,3,76),(6862,'S1016',4,4,85),(6863,'S1016',3,1,94),(6864,'S1016',3,2,77),(6865,'S1016',3,3,83),(6866,'S1016',3,4,82),(6867,'S1016',2,1,63),(6868,'S1016',2,2,92),(6869,'S1016',2,3,89),(6870,'S1016',2,4,68),(6871,'S1016',1,1,94),(6872,'S1016',1,2,86),(6873,'S1016',1,3,87),(6874,'S1016',1,4,79),(6875,'S1017',6,1,90),(6876,'S1017',6,2,92),(6877,'S1017',6,3,80),(6878,'S1017',6,4,72),(6879,'S1017',5,1,100),(6880,'S1017',5,2,63),(6881,'S1017',5,3,77),(6882,'S1017',5,4,93),(6883,'S1017',4,1,96),(6884,'S1017',4,2,99),(6885,'S1017',4,3,67),(6886,'S1017',4,4,60),(6887,'S1017',3,1,80),(6888,'S1017',3,2,79),(6889,'S1017',3,3,96),(6890,'S1017',3,4,60),(6891,'S1017',2,1,77),(6892,'S1017',2,2,63),(6893,'S1017',2,3,65),(6894,'S1017',2,4,75),(6895,'S1017',1,1,81),(6896,'S1017',1,2,78),(6897,'S1017',1,3,88),(6898,'S1017',1,4,67),(6899,'S1018',6,1,91),(6900,'S1018',6,2,71),(6901,'S1018',6,3,64),(6902,'S1018',6,4,91),(6903,'S1018',5,1,78),(6904,'S1018',5,2,100),(6905,'S1018',5,3,81),(6906,'S1018',5,4,87),(6907,'S1018',4,1,91),(6908,'S1018',4,2,95),(6909,'S1018',4,3,100),(6910,'S1018',4,4,74),(6911,'S1018',3,1,91),(6912,'S1018',3,2,93),(6913,'S1018',3,3,90),(6914,'S1018',3,4,70),(6915,'S1018',2,1,60),(6916,'S1018',2,2,75),(6917,'S1018',2,3,93),(6918,'S1018',2,4,100),(6919,'S1018',1,1,80),(6920,'S1018',1,2,79),(6921,'S1018',1,3,96),(6922,'S1018',1,4,62),(6923,'S1019',6,1,84),(6924,'S1019',6,2,93),(6925,'S1019',6,3,72),(6926,'S1019',6,4,61),(6927,'S1019',5,1,72),(6928,'S1019',5,2,74),(6929,'S1019',5,3,96),(6930,'S1019',5,4,75),(6931,'S1019',4,1,70),(6932,'S1019',4,2,65),(6933,'S1019',4,3,95),(6934,'S1019',4,4,99),(6935,'S1019',3,1,68),(6936,'S1019',3,2,66),(6937,'S1019',3,3,66),(6938,'S1019',3,4,71),(6939,'S1019',2,1,99),(6940,'S1019',2,2,99),(6941,'S1019',2,3,96),(6942,'S1019',2,4,84),(6943,'S1019',1,1,72),(6944,'S1019',1,2,89),(6945,'S1019',1,3,87),(6946,'S1019',1,4,70),(6947,'S1020',6,1,62),(6948,'S1020',6,2,69),(6949,'S1020',6,3,67),(6950,'S1020',6,4,70),(6951,'S1020',5,1,68),(6952,'S1020',5,2,60),(6953,'S1020',5,3,67),(6954,'S1020',5,4,66),(6955,'S1020',4,1,68),(6956,'S1020',4,2,61),(6957,'S1020',4,3,61),(6958,'S1020',4,4,61),(6959,'S1020',3,1,64),(6960,'S1020',3,2,65),(6961,'S1020',3,3,63),(6962,'S1020',3,4,62),(6963,'S1020',2,1,68),(6964,'S1020',2,2,67),(6965,'S1020',2,3,61),(6966,'S1020',2,4,64),(6967,'S1020',1,1,67),(6968,'S1020',1,2,63),(6969,'S1020',1,3,65),(6970,'S1020',1,4,67),(6971,'S1021',6,1,81),(6972,'S1021',6,2,83),(6973,'S1021',6,3,70),(6974,'S1021',6,4,82),(6975,'S1021',5,1,98),(6976,'S1021',5,2,65),(6977,'S1021',5,3,92),(6978,'S1021',5,4,82),(6979,'S1021',4,1,76),(6980,'S1021',4,2,74),(6981,'S1021',4,3,83),(6982,'S1021',4,4,92),(6983,'S1021',3,1,71),(6984,'S1021',3,2,60),(6985,'S1021',3,3,68),(6986,'S1021',3,4,100),(6987,'S1021',2,1,72),(6988,'S1021',2,2,83),(6989,'S1021',2,3,97),(6990,'S1021',2,4,97),(6991,'S1021',1,1,94),(6992,'S1021',1,2,77),(6993,'S1021',1,3,83),(6994,'S1021',1,4,85),(6995,'S1022',6,1,74),(6996,'S1022',6,2,96),(6997,'S1022',6,3,76),(6998,'S1022',6,4,73),(6999,'S1022',5,1,80),(7000,'S1022',5,2,80),(7001,'S1022',5,3,100),(7002,'S1022',5,4,79),(7003,'S1022',4,1,74),(7004,'S1022',4,2,74),(7005,'S1022',4,3,88),(7006,'S1022',4,4,79),(7007,'S1022',3,1,68),(7008,'S1022',3,2,87),(7009,'S1022',3,3,87),(7010,'S1022',3,4,76),(7011,'S1022',2,1,98),(7012,'S1022',2,2,82),(7013,'S1022',2,3,98),(7014,'S1022',2,4,61),(7015,'S1022',1,1,75),(7016,'S1022',1,2,90),(7017,'S1022',1,3,83),(7018,'S1022',1,4,87),(7019,'S1023',6,1,86),(7020,'S1023',6,2,67),(7021,'S1023',6,3,99),(7022,'S1023',6,4,72),(7023,'S1023',5,1,83),(7024,'S1023',5,2,100),(7025,'S1023',5,3,69),(7026,'S1023',5,4,66),(7027,'S1023',4,1,66),(7028,'S1023',4,2,71),(7029,'S1023',4,3,99),(7030,'S1023',4,4,97),(7031,'S1023',3,1,91),(7032,'S1023',3,2,61),(7033,'S1023',3,3,94),(7034,'S1023',3,4,65),(7035,'S1023',2,1,64),(7036,'S1023',2,2,67),(7037,'S1023',2,3,85),(7038,'S1023',2,4,81),(7039,'S1023',1,1,89),(7040,'S1023',1,2,60),(7041,'S1023',1,3,100),(7042,'S1023',1,4,93),(7043,'S1024',6,1,65),(7044,'S1024',6,2,71),(7045,'S1024',6,3,100),(7046,'S1024',6,4,62),(7047,'S1024',5,1,75),(7048,'S1024',5,2,86),(7049,'S1024',5,3,66),(7050,'S1024',5,4,93),(7051,'S1024',4,1,86),(7052,'S1024',4,2,91),(7053,'S1024',4,3,95),(7054,'S1024',4,4,61),(7055,'S1024',3,1,82),(7056,'S1024',3,2,89),(7057,'S1024',3,3,96),(7058,'S1024',3,4,73),(7059,'S1024',2,1,100),(7060,'S1024',2,2,98),(7061,'S1024',2,3,91),(7062,'S1024',2,4,99),(7063,'S1024',1,1,81),(7064,'S1024',1,2,90),(7065,'S1024',1,3,65),(7066,'S1024',1,4,77),(7067,'S1025',6,1,92),(7068,'S1025',6,2,85),(7069,'S1025',6,3,92),(7070,'S1025',6,4,61),(7071,'S1025',5,1,92),(7072,'S1025',5,2,95),(7073,'S1025',5,3,99),(7074,'S1025',5,4,67),(7075,'S1025',4,1,63),(7076,'S1025',4,2,93),(7077,'S1025',4,3,94),(7078,'S1025',4,4,90),(7079,'S1025',3,1,69),(7080,'S1025',3,2,96),(7081,'S1025',3,3,89),(7082,'S1025',3,4,100),(7083,'S1025',2,1,90),(7084,'S1025',2,2,91),(7085,'S1025',2,3,83),(7086,'S1025',2,4,84),(7087,'S1025',1,1,68),(7088,'S1025',1,2,73),(7089,'S1025',1,3,60),(7090,'S1025',1,4,61),(7091,'S1026',6,1,98),(7092,'S1026',6,2,95),(7093,'S1026',6,3,90),(7094,'S1026',6,4,91),(7095,'S1026',5,1,86),(7096,'S1026',5,2,96),(7097,'S1026',5,3,83),(7098,'S1026',5,4,66),(7099,'S1026',4,1,61),(7100,'S1026',4,2,89),(7101,'S1026',4,3,80),(7102,'S1026',4,4,75),(7103,'S1026',3,1,75),(7104,'S1026',3,2,91),(7105,'S1026',3,3,90),(7106,'S1026',3,4,74),(7107,'S1026',2,1,84),(7108,'S1026',2,2,97),(7109,'S1026',2,3,91),(7110,'S1026',2,4,62),(7111,'S1026',1,1,61),(7112,'S1026',1,2,60),(7113,'S1026',1,3,99),(7114,'S1026',1,4,90),(7115,'S1027',6,1,95),(7116,'S1027',6,2,63),(7117,'S1027',6,3,91),(7118,'S1027',6,4,86),(7119,'S1027',5,1,98),(7120,'S1027',5,2,92),(7121,'S1027',5,3,62),(7122,'S1027',5,4,100),(7123,'S1027',4,1,89),(7124,'S1027',4,2,88),(7125,'S1027',4,3,71),(7126,'S1027',4,4,72),(7127,'S1027',3,1,89),(7128,'S1027',3,2,86),(7129,'S1027',3,3,65),(7130,'S1027',3,4,88),(7131,'S1027',2,1,61),(7132,'S1027',2,2,65),(7133,'S1027',2,3,84),(7134,'S1027',2,4,83),(7135,'S1027',1,1,62),(7136,'S1027',1,2,82),(7137,'S1027',1,3,84),(7138,'S1027',1,4,73),(7139,'S1028',6,1,92),(7140,'S1028',6,2,62),(7141,'S1028',6,3,98),(7142,'S1028',6,4,80),(7143,'S1028',5,1,87),(7144,'S1028',5,2,94),(7145,'S1028',5,3,67),(7146,'S1028',5,4,75),(7147,'S1028',4,1,76),(7148,'S1028',4,2,93),(7149,'S1028',4,3,95),(7150,'S1028',4,4,96),(7151,'S1028',3,1,94),(7152,'S1028',3,2,81),(7153,'S1028',3,3,64),(7154,'S1028',3,4,60),(7155,'S1028',2,1,88),(7156,'S1028',2,2,76),(7157,'S1028',2,3,98),(7158,'S1028',2,4,81),(7159,'S1028',1,1,90),(7160,'S1028',1,2,69),(7161,'S1028',1,3,95),(7162,'S1028',1,4,87),(7163,'S1029',6,1,91),(7164,'S1029',6,2,93),(7165,'S1029',6,3,89),(7166,'S1029',6,4,68),(7167,'S1029',5,1,95),(7168,'S1029',5,2,88),(7169,'S1029',5,3,95),(7170,'S1029',5,4,71),(7171,'S1029',4,1,92),(7172,'S1029',4,2,64),(7173,'S1029',4,3,65),(7174,'S1029',4,4,75),(7175,'S1029',3,1,78),(7176,'S1029',3,2,65),(7177,'S1029',3,3,72),(7178,'S1029',3,4,65),(7179,'S1029',2,1,92),(7180,'S1029',2,2,84),(7181,'S1029',2,3,81),(7182,'S1029',2,4,94),(7183,'S1029',1,1,85),(7184,'S1029',1,2,84),(7185,'S1029',1,3,64),(7186,'S1029',1,4,92),(7187,'S1030',6,1,98),(7188,'S1030',6,2,97),(7189,'S1030',6,3,98),(7190,'S1030',6,4,97),(7191,'S1030',5,1,96),(7192,'S1030',5,2,99),(7193,'S1030',5,3,99),(7194,'S1030',5,4,98),(7195,'S1030',4,1,96),(7196,'S1030',4,2,98),(7197,'S1030',4,3,96),(7198,'S1030',4,4,97),(7199,'S1030',3,1,98),(7200,'S1030',3,2,98),(7201,'S1030',3,3,98),(7202,'S1030',3,4,95),(7203,'S1030',2,1,96),(7204,'S1030',2,2,98),(7205,'S1030',2,3,99),(7206,'S1030',2,4,97),(7207,'S1030',1,1,99),(7208,'S1030',1,2,96),(7209,'S1030',1,3,96),(7210,'S1030',1,4,96),(7211,'S1101',6,1,99),(7212,'S1101',6,2,97),(7213,'S1101',6,3,98),(7214,'S1101',6,4,97),(7215,'S1101',5,1,97),(7216,'S1101',5,2,98),(7217,'S1101',5,3,99),(7218,'S1101',5,4,97),(7219,'S1101',4,1,96),(7220,'S1101',4,2,99),(7221,'S1101',4,3,95),(7222,'S1101',4,4,97),(7223,'S1101',3,1,97),(7224,'S1101',3,2,97),(7225,'S1101',3,3,98),(7226,'S1101',3,4,97),(7227,'S1101',2,1,97),(7228,'S1101',2,2,98),(7229,'S1101',2,3,98),(7230,'S1101',2,4,98),(7231,'S1101',1,1,98),(7232,'S1101',1,2,96),(7233,'S1101',1,3,97),(7234,'S1101',1,4,96),(7235,'S1102',6,1,71),(7236,'S1102',6,2,91),(7237,'S1102',6,3,61),(7238,'S1102',6,4,96),(7239,'S1102',5,1,74),(7240,'S1102',5,2,64),(7241,'S1102',5,3,80),(7242,'S1102',5,4,66),(7243,'S1102',4,1,73),(7244,'S1102',4,2,64),(7245,'S1102',4,3,82),(7246,'S1102',4,4,79),(7247,'S1102',3,1,90),(7248,'S1102',3,2,68),(7249,'S1102',3,3,96),(7250,'S1102',3,4,91),(7251,'S1102',2,1,67),(7252,'S1102',2,2,85),(7253,'S1102',2,3,82),(7254,'S1102',2,4,97),(7255,'S1102',1,1,96),(7256,'S1102',1,2,87),(7257,'S1102',1,3,89),(7258,'S1102',1,4,84),(7259,'S1103',6,1,94),(7260,'S1103',6,2,74),(7261,'S1103',6,3,70),(7262,'S1103',6,4,67),(7263,'S1103',5,1,67),(7264,'S1103',5,2,75),(7265,'S1103',5,3,71),(7266,'S1103',5,4,73),(7267,'S1103',4,1,94),(7268,'S1103',4,2,66),(7269,'S1103',4,3,72),(7270,'S1103',4,4,62),(7271,'S1103',3,1,76),(7272,'S1103',3,2,93),(7273,'S1103',3,3,93),(7274,'S1103',3,4,88),(7275,'S1103',2,1,60),(7276,'S1103',2,2,60),(7277,'S1103',2,3,100),(7278,'S1103',2,4,99),(7279,'S1103',1,1,91),(7280,'S1103',1,2,60),(7281,'S1103',1,3,91),(7282,'S1103',1,4,91),(7283,'S1104',6,1,81),(7284,'S1104',6,2,71),(7285,'S1104',6,3,96),(7286,'S1104',6,4,83),(7287,'S1104',5,1,69),(7288,'S1104',5,2,75),(7289,'S1104',5,3,68),(7290,'S1104',5,4,98),(7291,'S1104',4,1,61),(7292,'S1104',4,2,77),(7293,'S1104',4,3,100),(7294,'S1104',4,4,87),(7295,'S1104',3,1,74),(7296,'S1104',3,2,92),(7297,'S1104',3,3,95),(7298,'S1104',3,4,100),(7299,'S1104',2,1,73),(7300,'S1104',2,2,87),(7301,'S1104',2,3,76),(7302,'S1104',2,4,99),(7303,'S1104',1,1,84),(7304,'S1104',1,2,65),(7305,'S1104',1,3,96),(7306,'S1104',1,4,62),(7307,'S1105',6,1,86),(7308,'S1105',6,2,99),(7309,'S1105',6,3,99),(7310,'S1105',6,4,97),(7311,'S1105',5,1,87),(7312,'S1105',5,2,84),(7313,'S1105',5,3,98),(7314,'S1105',5,4,100),(7315,'S1105',4,1,62),(7316,'S1105',4,2,73),(7317,'S1105',4,3,81),(7318,'S1105',4,4,84),(7319,'S1105',3,1,76),(7320,'S1105',3,2,71),(7321,'S1105',3,3,65),(7322,'S1105',3,4,95),(7323,'S1105',2,1,95),(7324,'S1105',2,2,91),(7325,'S1105',2,3,69),(7326,'S1105',2,4,96),(7327,'S1105',1,1,88),(7328,'S1105',1,2,93),(7329,'S1105',1,3,99),(7330,'S1105',1,4,77),(7331,'S1106',6,1,69),(7332,'S1106',6,2,96),(7333,'S1106',6,3,92),(7334,'S1106',6,4,71),(7335,'S1106',5,1,99),(7336,'S1106',5,2,61),(7337,'S1106',5,3,72),(7338,'S1106',5,4,74),(7339,'S1106',4,1,96),(7340,'S1106',4,2,75),(7341,'S1106',4,3,69),(7342,'S1106',4,4,60),(7343,'S1106',3,1,73),(7344,'S1106',3,2,85),(7345,'S1106',3,3,64),(7346,'S1106',3,4,88),(7347,'S1106',2,1,66),(7348,'S1106',2,2,87),(7349,'S1106',2,3,98),(7350,'S1106',2,4,88),(7351,'S1106',1,1,84),(7352,'S1106',1,2,99),(7353,'S1106',1,3,100),(7354,'S1106',1,4,61),(7355,'S1107',6,1,71),(7356,'S1107',6,2,71),(7357,'S1107',6,3,81),(7358,'S1107',6,4,93),(7359,'S1107',5,1,82),(7360,'S1107',5,2,69),(7361,'S1107',5,3,83),(7362,'S1107',5,4,65),(7363,'S1107',4,1,100),(7364,'S1107',4,2,80),(7365,'S1107',4,3,81),(7366,'S1107',4,4,63),(7367,'S1107',3,1,97),(7368,'S1107',3,2,74),(7369,'S1107',3,3,99),(7370,'S1107',3,4,92),(7371,'S1107',2,1,62),(7372,'S1107',2,2,97),(7373,'S1107',2,3,75),(7374,'S1107',2,4,66),(7375,'S1107',1,1,85),(7376,'S1107',1,2,88),(7377,'S1107',1,3,85),(7378,'S1107',1,4,60),(7379,'S1108',6,1,97),(7380,'S1108',6,2,96),(7381,'S1108',6,3,96),(7382,'S1108',6,4,99),(7383,'S1108',5,1,99),(7384,'S1108',5,2,97),(7385,'S1108',5,3,96),(7386,'S1108',5,4,96),(7387,'S1108',4,1,97),(7388,'S1108',4,2,98),(7389,'S1108',4,3,96),(7390,'S1108',4,4,98),(7391,'S1108',3,1,96),(7392,'S1108',3,2,99),(7393,'S1108',3,3,95),(7394,'S1108',3,4,97),(7395,'S1108',2,1,96),(7396,'S1108',2,2,95),(7397,'S1108',2,3,96),(7398,'S1108',2,4,97),(7399,'S1108',1,1,97),(7400,'S1108',1,2,99),(7401,'S1108',1,3,96),(7402,'S1108',1,4,97),(7403,'S1109',6,1,61),(7404,'S1109',6,2,66),(7405,'S1109',6,3,68),(7406,'S1109',6,4,63),(7407,'S1109',5,1,68),(7408,'S1109',5,2,64),(7409,'S1109',5,3,65),(7410,'S1109',5,4,61),(7411,'S1109',4,1,62),(7412,'S1109',4,2,69),(7413,'S1109',4,3,65),(7414,'S1109',4,4,61),(7415,'S1109',3,1,69),(7416,'S1109',3,2,64),(7417,'S1109',3,3,62),(7418,'S1109',3,4,67),(7419,'S1109',2,1,60),(7420,'S1109',2,2,69),(7421,'S1109',2,3,66),(7422,'S1109',2,4,62),(7423,'S1109',1,1,62),(7424,'S1109',1,2,64),(7425,'S1109',1,3,63),(7426,'S1109',1,4,62),(7427,'S1110',6,1,62),(7428,'S1110',6,2,75),(7429,'S1110',6,3,88),(7430,'S1110',6,4,72),(7431,'S1110',5,1,79),(7432,'S1110',5,2,79),(7433,'S1110',5,3,98),(7434,'S1110',5,4,71),(7435,'S1110',4,1,83),(7436,'S1110',4,2,60),(7437,'S1110',4,3,74),(7438,'S1110',4,4,90),(7439,'S1110',3,1,87),(7440,'S1110',3,2,65),(7441,'S1110',3,3,85),(7442,'S1110',3,4,89),(7443,'S1110',2,1,91),(7444,'S1110',2,2,86),(7445,'S1110',2,3,97),(7446,'S1110',2,4,87),(7447,'S1110',1,1,85),(7448,'S1110',1,2,64),(7449,'S1110',1,3,88),(7450,'S1110',1,4,67),(7451,'S1111',6,1,90),(7452,'S1111',6,2,69),(7453,'S1111',6,3,96),(7454,'S1111',6,4,91),(7455,'S1111',5,1,68),(7456,'S1111',5,2,88),(7457,'S1111',5,3,97),(7458,'S1111',5,4,77),(7459,'S1111',4,1,77),(7460,'S1111',4,2,93),(7461,'S1111',4,3,92),(7462,'S1111',4,4,82),(7463,'S1111',3,1,75),(7464,'S1111',3,2,71),(7465,'S1111',3,3,67),(7466,'S1111',3,4,65),(7467,'S1111',2,1,62),(7468,'S1111',2,2,98),(7469,'S1111',2,3,82),(7470,'S1111',2,4,97),(7471,'S1111',1,1,98),(7472,'S1111',1,2,98),(7473,'S1111',1,3,95),(7474,'S1111',1,4,80),(7475,'S1112',6,1,98),(7476,'S1112',6,2,69),(7477,'S1112',6,3,63),(7478,'S1112',6,4,58),(7479,'S1112',5,1,85),(7480,'S1112',5,2,60),(7481,'S1112',5,3,67),(7482,'S1112',5,4,97),(7483,'S1112',4,1,60),(7484,'S1112',4,2,72),(7485,'S1112',4,3,82),(7486,'S1112',4,4,90),(7487,'S1112',3,1,65),(7488,'S1112',3,2,78),(7489,'S1112',3,3,92),(7490,'S1112',3,4,88),(7491,'S1112',2,1,61),(7492,'S1112',2,2,64),(7493,'S1112',2,3,77),(7494,'S1112',2,4,93),(7495,'S1112',1,1,92),(7496,'S1112',1,2,80),(7497,'S1112',1,3,65),(7498,'S1112',1,4,67),(7499,'S1113',6,1,79),(7500,'S1113',6,2,94),(7501,'S1113',6,3,93),(7502,'S1113',6,4,80),(7503,'S1113',5,1,64),(7504,'S1113',5,2,60),(7505,'S1113',5,3,89),(7506,'S1113',5,4,82),(7507,'S1113',4,1,84),(7508,'S1113',4,2,73),(7509,'S1113',4,3,94),(7510,'S1113',4,4,69),(7511,'S1113',3,1,84),(7512,'S1113',3,2,72),(7513,'S1113',3,3,90),(7514,'S1113',3,4,92),(7515,'S1113',2,1,89),(7516,'S1113',2,2,69),(7517,'S1113',2,3,99),(7518,'S1113',2,4,67),(7519,'S1113',1,1,61),(7520,'S1113',1,2,86),(7521,'S1113',1,3,62),(7522,'S1113',1,4,76),(7523,'S1114',6,1,94),(7524,'S1114',6,2,99),(7525,'S1114',6,3,73),(7526,'S1114',6,4,88),(7527,'S1114',5,1,83),(7528,'S1114',5,2,90),(7529,'S1114',5,3,99),(7530,'S1114',5,4,86),(7531,'S1114',4,1,72),(7532,'S1114',4,2,84),(7533,'S1114',4,3,63),(7534,'S1114',4,4,83),(7535,'S1114',3,1,87),(7536,'S1114',3,2,85),(7537,'S1114',3,3,63),(7538,'S1114',3,4,82),(7539,'S1114',2,1,79),(7540,'S1114',2,2,92),(7541,'S1114',2,3,82),(7542,'S1114',2,4,72),(7543,'S1114',1,1,96),(7544,'S1114',1,2,83),(7545,'S1114',1,3,67),(7546,'S1114',1,4,67),(7547,'S1115',6,1,100),(7548,'S1115',6,2,99),(7549,'S1115',6,3,75),(7550,'S1115',6,4,100),(7551,'S1115',5,1,94),(7552,'S1115',5,2,70),(7553,'S1115',5,3,88),(7554,'S1115',5,4,90),(7555,'S1115',4,1,87),(7556,'S1115',4,2,65),(7557,'S1115',4,3,83),(7558,'S1115',4,4,81),(7559,'S1115',3,1,97),(7560,'S1115',3,2,61),(7561,'S1115',3,3,75),(7562,'S1115',3,4,92),(7563,'S1115',2,1,92),(7564,'S1115',2,2,84),(7565,'S1115',2,3,87),(7566,'S1115',2,4,81),(7567,'S1115',1,1,83),(7568,'S1115',1,2,70),(7569,'S1115',1,3,86),(7570,'S1115',1,4,78),(7571,'S1116',6,1,71),(7572,'S1116',6,2,64),(7573,'S1116',6,3,87),(7574,'S1116',6,4,100),(7575,'S1116',5,1,99),(7576,'S1116',5,2,96),(7577,'S1116',5,3,83),(7578,'S1116',5,4,67),(7579,'S1116',4,1,65),(7580,'S1116',4,2,66),(7581,'S1116',4,3,77),(7582,'S1116',4,4,86),(7583,'S1116',3,1,99),(7584,'S1116',3,2,97),(7585,'S1116',3,3,86),(7586,'S1116',3,4,77),(7587,'S1116',2,1,71),(7588,'S1116',2,2,65),(7589,'S1116',2,3,91),(7590,'S1116',2,4,79),(7591,'S1116',1,1,60),(7592,'S1116',1,2,88),(7593,'S1116',1,3,76),(7594,'S1116',1,4,100),(7595,'S1117',6,1,88),(7596,'S1117',6,2,81),(7597,'S1117',6,3,81),(7598,'S1117',6,4,61),(7599,'S1117',5,1,86),(7600,'S1117',5,2,64),(7601,'S1117',5,3,84),(7602,'S1117',5,4,87),(7603,'S1117',4,1,84),(7604,'S1117',4,2,99),(7605,'S1117',4,3,60),(7606,'S1117',4,4,66),(7607,'S1117',3,1,89),(7608,'S1117',3,2,67),(7609,'S1117',3,3,91),(7610,'S1117',3,4,70),(7611,'S1117',2,1,99),(7612,'S1117',2,2,63),(7613,'S1117',2,3,79),(7614,'S1117',2,4,68),(7615,'S1117',1,1,82),(7616,'S1117',1,2,65),(7617,'S1117',1,3,61),(7618,'S1117',1,4,89),(7619,'S1118',6,1,82),(7620,'S1118',6,2,81),(7621,'S1118',6,3,100),(7622,'S1118',6,4,77),(7623,'S1118',5,1,64),(7624,'S1118',5,2,73),(7625,'S1118',5,3,69),(7626,'S1118',5,4,70),(7627,'S1118',4,1,82),(7628,'S1118',4,2,100),(7629,'S1118',4,3,70),(7630,'S1118',4,4,73),(7631,'S1118',3,1,96),(7632,'S1118',3,2,79),(7633,'S1118',3,3,90),(7634,'S1118',3,4,71),(7635,'S1118',2,1,66),(7636,'S1118',2,2,96),(7637,'S1118',2,3,61),(7638,'S1118',2,4,82),(7639,'S1118',1,1,84),(7640,'S1118',1,2,72),(7641,'S1118',1,3,91),(7642,'S1118',1,4,97),(7643,'S1119',6,1,71),(7644,'S1119',6,2,88),(7645,'S1119',6,3,85),(7646,'S1119',6,4,61),(7647,'S1119',5,1,72),(7648,'S1119',5,2,75),(7649,'S1119',5,3,61),(7650,'S1119',5,4,100),(7651,'S1119',4,1,94),(7652,'S1119',4,2,70),(7653,'S1119',4,3,91),(7654,'S1119',4,4,64),(7655,'S1119',3,1,68),(7656,'S1119',3,2,90),(7657,'S1119',3,3,63),(7658,'S1119',3,4,66),(7659,'S1119',2,1,82),(7660,'S1119',2,2,69),(7661,'S1119',2,3,81),(7662,'S1119',2,4,100),(7663,'S1119',1,1,72),(7664,'S1119',1,2,83),(7665,'S1119',1,3,98),(7666,'S1119',1,4,61),(7667,'S1120',6,1,73),(7668,'S1120',6,2,81),(7669,'S1120',6,3,88),(7670,'S1120',6,4,94),(7671,'S1120',5,1,63),(7672,'S1120',5,2,100),(7673,'S1120',5,3,85),(7674,'S1120',5,4,67),(7675,'S1120',4,1,60),(7676,'S1120',4,2,80),(7677,'S1120',4,3,78),(7678,'S1120',4,4,93),(7679,'S1120',3,1,88),(7680,'S1120',3,2,60),(7681,'S1120',3,3,99),(7682,'S1120',3,4,91),(7683,'S1120',2,1,60),(7684,'S1120',2,2,90),(7685,'S1120',2,3,85),(7686,'S1120',2,4,98),(7687,'S1120',1,1,92),(7688,'S1120',1,2,64),(7689,'S1120',1,3,69),(7690,'S1120',1,4,92),(7691,'S1121',6,1,73),(7692,'S1121',6,2,69),(7693,'S1121',6,3,68),(7694,'S1121',6,4,74),(7695,'S1121',5,1,65),(7696,'S1121',5,2,86),(7697,'S1121',5,3,91),(7698,'S1121',5,4,99),(7699,'S1121',4,1,78),(7700,'S1121',4,2,77),(7701,'S1121',4,3,89),(7702,'S1121',4,4,74),(7703,'S1121',3,1,83),(7704,'S1121',3,2,94),(7705,'S1121',3,3,81),(7706,'S1121',3,4,61),(7707,'S1121',2,1,86),(7708,'S1121',2,2,65),(7709,'S1121',2,3,88),(7710,'S1121',2,4,62),(7711,'S1121',1,1,68),(7712,'S1121',1,2,97),(7713,'S1121',1,3,97),(7714,'S1121',1,4,95),(7715,'S1122',6,1,81),(7716,'S1122',6,2,61),(7717,'S1122',6,3,84),(7718,'S1122',6,4,98),(7719,'S1122',5,1,95),(7720,'S1122',5,2,82),(7721,'S1122',5,3,66),(7722,'S1122',5,4,66),(7723,'S1122',4,1,71),(7724,'S1122',4,2,97),(7725,'S1122',4,3,92),(7726,'S1122',4,4,65),(7727,'S1122',3,1,74),(7728,'S1122',3,2,72),(7729,'S1122',3,3,79),(7730,'S1122',3,4,79),(7731,'S1122',2,1,100),(7732,'S1122',2,2,80),(7733,'S1122',2,3,79),(7734,'S1122',2,4,98),(7735,'S1122',1,1,68),(7736,'S1122',1,2,70),(7737,'S1122',1,3,88),(7738,'S1122',1,4,85),(7739,'S1123',6,1,97),(7740,'S1123',6,2,96),(7741,'S1123',6,3,80),(7742,'S1123',6,4,92),(7743,'S1123',5,1,80),(7744,'S1123',5,2,66),(7745,'S1123',5,3,72),(7746,'S1123',5,4,60),(7747,'S1123',4,1,64),(7748,'S1123',4,2,81),(7749,'S1123',4,3,71),(7750,'S1123',4,4,95),(7751,'S1123',3,1,81),(7752,'S1123',3,2,98),(7753,'S1123',3,3,66),(7754,'S1123',3,4,100),(7755,'S1123',2,1,80),(7756,'S1123',2,2,78),(7757,'S1123',2,3,92),(7758,'S1123',2,4,86),(7759,'S1123',1,1,95),(7760,'S1123',1,2,74),(7761,'S1123',1,3,67),(7762,'S1123',1,4,93),(7763,'S1124',6,1,83),(7764,'S1124',6,2,75),(7765,'S1124',6,3,52),(7766,'S1124',6,4,50),(7767,'S1124',5,1,98),(7768,'S1124',5,2,100),(7769,'S1124',5,3,64),(7770,'S1124',5,4,82),(7771,'S1124',4,1,76),(7772,'S1124',4,2,77),(7773,'S1124',4,3,95),(7774,'S1124',4,4,63),(7775,'S1124',3,1,93),(7776,'S1124',3,2,92),(7777,'S1124',3,3,82),(7778,'S1124',3,4,74),(7779,'S1124',2,1,65),(7780,'S1124',2,2,83),(7781,'S1124',2,3,80),(7782,'S1124',2,4,92),(7783,'S1124',1,1,80),(7784,'S1124',1,2,61),(7785,'S1124',1,3,89),(7786,'S1124',1,4,78),(7787,'S1125',6,1,66),(7788,'S1125',6,2,74),(7789,'S1125',6,3,75),(7790,'S1125',6,4,90),(7791,'S1125',5,1,86),(7792,'S1125',5,2,99),(7793,'S1125',5,3,96),(7794,'S1125',5,4,82),(7795,'S1125',4,1,62),(7796,'S1125',4,2,88),(7797,'S1125',4,3,72),(7798,'S1125',4,4,76),(7799,'S1125',3,1,66),(7800,'S1125',3,2,82),(7801,'S1125',3,3,72),(7802,'S1125',3,4,96),(7803,'S1125',2,1,82),(7804,'S1125',2,2,62),(7805,'S1125',2,3,86),(7806,'S1125',2,4,62),(7807,'S1125',1,1,76),(7808,'S1125',1,2,91),(7809,'S1125',1,3,85),(7810,'S1125',1,4,93),(7811,'S1126',6,1,67),(7812,'S1126',6,2,80),(7813,'S1126',6,3,100),(7814,'S1126',6,4,76),(7815,'S1126',5,1,61),(7816,'S1126',5,2,100),(7817,'S1126',5,3,92),(7818,'S1126',5,4,61),(7819,'S1126',4,1,92),(7820,'S1126',4,2,94),(7821,'S1126',4,3,94),(7822,'S1126',4,4,87),(7823,'S1126',3,1,93),(7824,'S1126',3,2,65),(7825,'S1126',3,3,66),(7826,'S1126',3,4,76),(7827,'S1126',2,1,82),(7828,'S1126',2,2,81),(7829,'S1126',2,3,99),(7830,'S1126',2,4,69),(7831,'S1126',1,1,72),(7832,'S1126',1,2,94),(7833,'S1126',1,3,69),(7834,'S1126',1,4,89),(7835,'S1127',6,1,94),(7836,'S1127',6,2,63),(7837,'S1127',6,3,60),(7838,'S1127',6,4,56),(7839,'S1127',5,1,79),(7840,'S1127',5,2,88),(7841,'S1127',5,3,62),(7842,'S1127',5,4,68),(7843,'S1127',4,1,96),(7844,'S1127',4,2,91),(7845,'S1127',4,3,65),(7846,'S1127',4,4,78),(7847,'S1127',3,1,94),(7848,'S1127',3,2,94),(7849,'S1127',3,3,86),(7850,'S1127',3,4,91),(7851,'S1127',2,1,94),(7852,'S1127',2,2,98),(7853,'S1127',2,3,68),(7854,'S1127',2,4,68),(7855,'S1127',1,1,77),(7856,'S1127',1,2,81),(7857,'S1127',1,3,73),(7858,'S1127',1,4,61),(7859,'S1128',6,1,62),(7860,'S1128',6,2,63),(7861,'S1128',6,3,62),(7862,'S1128',6,4,68),(7863,'S1128',5,1,63),(7864,'S1128',5,2,63),(7865,'S1128',5,3,67),(7866,'S1128',5,4,64),(7867,'S1128',4,1,61),(7868,'S1128',4,2,63),(7869,'S1128',4,3,62),(7870,'S1128',4,4,60),(7871,'S1128',3,1,66),(7872,'S1128',3,2,67),(7873,'S1128',3,3,67),(7874,'S1128',3,4,66),(7875,'S1128',2,1,68),(7876,'S1128',2,2,61),(7877,'S1128',2,3,70),(7878,'S1128',2,4,67),(7879,'S1128',1,1,67),(7880,'S1128',1,2,63),(7881,'S1128',1,3,64),(7882,'S1128',1,4,63),(7883,'S1129',6,1,69),(7884,'S1129',6,2,63),(7885,'S1129',6,3,86),(7886,'S1129',6,4,60),(7887,'S1129',5,1,66),(7888,'S1129',5,2,87),(7889,'S1129',5,3,99),(7890,'S1129',5,4,91),(7891,'S1129',4,1,98),(7892,'S1129',4,2,77),(7893,'S1129',4,3,70),(7894,'S1129',4,4,62),(7895,'S1129',3,1,82),(7896,'S1129',3,2,80),(7897,'S1129',3,3,94),(7898,'S1129',3,4,89),(7899,'S1129',2,1,62),(7900,'S1129',2,2,66),(7901,'S1129',2,3,86),(7902,'S1129',2,4,88),(7903,'S1129',1,1,82),(7904,'S1129',1,2,87),(7905,'S1129',1,3,90),(7906,'S1129',1,4,89),(7907,'S1130',6,1,92),(7908,'S1130',6,2,93),(7909,'S1130',6,3,67),(7910,'S1130',6,4,100),(7911,'S1130',5,1,72),(7912,'S1130',5,2,86),(7913,'S1130',5,3,70),(7914,'S1130',5,4,76),(7915,'S1130',4,1,68),(7916,'S1130',4,2,92),(7917,'S1130',4,3,74),(7918,'S1130',4,4,75),(7919,'S1130',3,1,95),(7920,'S1130',3,2,67),(7921,'S1130',3,3,72),(7922,'S1130',3,4,100),(7923,'S1130',2,1,100),(7924,'S1130',2,2,99),(7925,'S1130',2,3,97),(7926,'S1130',2,4,87),(7927,'S1130',1,1,83),(7928,'S1130',1,2,97),(7929,'S1130',1,3,94),(7930,'S1130',1,4,76),(7931,'S1201',6,1,97),(7932,'S1201',6,2,93),(7933,'S1201',6,3,96),(7934,'S1201',6,4,96),(7935,'S1201',5,1,92),(7936,'S1201',5,2,71),(7937,'S1201',5,3,61),(7938,'S1201',5,4,73),(7939,'S1201',4,1,82),(7940,'S1201',4,2,92),(7941,'S1201',4,3,73),(7942,'S1201',4,4,69),(7943,'S1201',3,1,69),(7944,'S1201',3,2,75),(7945,'S1201',3,3,68),(7946,'S1201',3,4,98),(7947,'S1201',2,1,62),(7948,'S1201',2,2,78),(7949,'S1201',2,3,62),(7950,'S1201',2,4,60),(7951,'S1201',1,1,94),(7952,'S1201',1,2,67),(7953,'S1201',1,3,74),(7954,'S1201',1,4,69),(7955,'S1202',6,1,64),(7956,'S1202',6,2,94),(7957,'S1202',6,3,96),(7958,'S1202',6,4,98),(7959,'S1202',5,1,99),(7960,'S1202',5,2,63),(7961,'S1202',5,3,80),(7962,'S1202',5,4,69),(7963,'S1202',4,1,86),(7964,'S1202',4,2,84),(7965,'S1202',4,3,61),(7966,'S1202',4,4,74),(7967,'S1202',3,1,86),(7968,'S1202',3,2,67),(7969,'S1202',3,3,99),(7970,'S1202',3,4,72),(7971,'S1202',2,1,84),(7972,'S1202',2,2,61),(7973,'S1202',2,3,77),(7974,'S1202',2,4,62),(7975,'S1202',1,1,99),(7976,'S1202',1,2,86),(7977,'S1202',1,3,75),(7978,'S1202',1,4,97),(7979,'S1203',6,1,79),(7980,'S1203',6,2,84),(7981,'S1203',6,3,52),(7982,'S1203',6,4,57),(7983,'S1203',5,1,94),(7984,'S1203',5,2,82),(7985,'S1203',5,3,67),(7986,'S1203',5,4,71),(7987,'S1203',4,1,94),(7988,'S1203',4,2,74),(7989,'S1203',4,3,72),(7990,'S1203',4,4,78),(7991,'S1203',3,1,75),(7992,'S1203',3,2,81),(7993,'S1203',3,3,77),(7994,'S1203',3,4,84),(7995,'S1203',2,1,88),(7996,'S1203',2,2,89),(7997,'S1203',2,3,80),(7998,'S1203',2,4,74),(7999,'S1203',1,1,68),(8000,'S1203',1,2,60),(8001,'S1203',1,3,77),(8002,'S1203',1,4,62),(8003,'S1204',6,1,65),(8004,'S1204',6,2,67),(8005,'S1204',6,3,70),(8006,'S1204',6,4,67),(8007,'S1204',5,1,68),(8008,'S1204',5,2,68),(8009,'S1204',5,3,67),(8010,'S1204',5,4,61),(8011,'S1204',4,1,62),(8012,'S1204',4,2,68),(8013,'S1204',4,3,66),(8014,'S1204',4,4,64),(8015,'S1204',3,1,64),(8016,'S1204',3,2,66),(8017,'S1204',3,3,68),(8018,'S1204',3,4,62),(8019,'S1204',2,1,68),(8020,'S1204',2,2,61),(8021,'S1204',2,3,61),(8022,'S1204',2,4,63),(8023,'S1204',1,1,70),(8024,'S1204',1,2,61),(8025,'S1204',1,3,68),(8026,'S1204',1,4,64),(8027,'S1205',6,1,99),(8028,'S1205',6,2,62),(8029,'S1205',6,3,77),(8030,'S1205',6,4,98),(8031,'S1205',5,1,76),(8032,'S1205',5,2,70),(8033,'S1205',5,3,61),(8034,'S1205',5,4,77),(8035,'S1205',4,1,60),(8036,'S1205',4,2,94),(8037,'S1205',4,3,63),(8038,'S1205',4,4,100),(8039,'S1205',3,1,85),(8040,'S1205',3,2,64),(8041,'S1205',3,3,90),(8042,'S1205',3,4,73),(8043,'S1205',2,1,79),(8044,'S1205',2,2,75),(8045,'S1205',2,3,76),(8046,'S1205',2,4,98),(8047,'S1205',1,1,79),(8048,'S1205',1,2,84),(8049,'S1205',1,3,80),(8050,'S1205',1,4,90),(8051,'S1206',6,1,95),(8052,'S1206',6,2,97),(8053,'S1206',6,3,96),(8054,'S1206',6,4,97),(8055,'S1206',5,1,98),(8056,'S1206',5,2,99),(8057,'S1206',5,3,98),(8058,'S1206',5,4,97),(8059,'S1206',4,1,96),(8060,'S1206',4,2,98),(8061,'S1206',4,3,96),(8062,'S1206',4,4,96),(8063,'S1206',3,1,96),(8064,'S1206',3,2,99),(8065,'S1206',3,3,99),(8066,'S1206',3,4,97),(8067,'S1206',2,1,98),(8068,'S1206',2,2,97),(8069,'S1206',2,3,98),(8070,'S1206',2,4,96),(8071,'S1206',1,1,95),(8072,'S1206',1,2,98),(8073,'S1206',1,3,99),(8074,'S1206',1,4,96),(8075,'S1207',6,1,81),(8076,'S1207',6,2,93),(8077,'S1207',6,3,82),(8078,'S1207',6,4,73),(8079,'S1207',5,1,98),(8080,'S1207',5,2,89),(8081,'S1207',5,3,90),(8082,'S1207',5,4,86),(8083,'S1207',4,1,97),(8084,'S1207',4,2,86),(8085,'S1207',4,3,80),(8086,'S1207',4,4,83),(8087,'S1207',3,1,73),(8088,'S1207',3,2,97),(8089,'S1207',3,3,84),(8090,'S1207',3,4,71),(8091,'S1207',2,1,84),(8092,'S1207',2,2,63),(8093,'S1207',2,3,89),(8094,'S1207',2,4,73),(8095,'S1207',1,1,77),(8096,'S1207',1,2,67),(8097,'S1207',1,3,87),(8098,'S1207',1,4,90),(8099,'S1208',6,1,89),(8100,'S1208',6,2,74),(8101,'S1208',6,3,84),(8102,'S1208',6,4,98),(8103,'S1208',5,1,95),(8104,'S1208',5,2,80),(8105,'S1208',5,3,98),(8106,'S1208',5,4,68),(8107,'S1208',4,1,69),(8108,'S1208',4,2,80),(8109,'S1208',4,3,95),(8110,'S1208',4,4,92),(8111,'S1208',3,1,75),(8112,'S1208',3,2,79),(8113,'S1208',3,3,68),(8114,'S1208',3,4,88),(8115,'S1208',2,1,92),(8116,'S1208',2,2,98),(8117,'S1208',2,3,69),(8118,'S1208',2,4,76),(8119,'S1208',1,1,74),(8120,'S1208',1,2,79),(8121,'S1208',1,3,74),(8122,'S1208',1,4,72),(8123,'S1209',6,1,78),(8124,'S1209',6,2,76),(8125,'S1209',6,3,87),(8126,'S1209',6,4,66),(8127,'S1209',5,1,91),(8128,'S1209',5,2,75),(8129,'S1209',5,3,84),(8130,'S1209',5,4,96),(8131,'S1209',4,1,84),(8132,'S1209',4,2,73),(8133,'S1209',4,3,94),(8134,'S1209',4,4,69),(8135,'S1209',3,1,85),(8136,'S1209',3,2,76),(8137,'S1209',3,3,68),(8138,'S1209',3,4,91),(8139,'S1209',2,1,67),(8140,'S1209',2,2,87),(8141,'S1209',2,3,94),(8142,'S1209',2,4,64),(8143,'S1209',1,1,62),(8144,'S1209',1,2,99),(8145,'S1209',1,3,87),(8146,'S1209',1,4,77),(8147,'S1210',6,1,98),(8148,'S1210',6,2,100),(8149,'S1210',6,3,65),(8150,'S1210',6,4,65),(8151,'S1210',5,1,67),(8152,'S1210',5,2,84),(8153,'S1210',5,3,75),(8154,'S1210',5,4,63),(8155,'S1210',4,1,74),(8156,'S1210',4,2,80),(8157,'S1210',4,3,78),(8158,'S1210',4,4,88),(8159,'S1210',3,1,68),(8160,'S1210',3,2,95),(8161,'S1210',3,3,90),(8162,'S1210',3,4,66),(8163,'S1210',2,1,81),(8164,'S1210',2,2,67),(8165,'S1210',2,3,71),(8166,'S1210',2,4,96),(8167,'S1210',1,1,85),(8168,'S1210',1,2,77),(8169,'S1210',1,3,69),(8170,'S1210',1,4,99),(8171,'S1211',6,1,61),(8172,'S1211',6,2,72),(8173,'S1211',6,3,56),(8174,'S1211',6,4,51),(8175,'S1211',5,1,84),(8176,'S1211',5,2,78),(8177,'S1211',5,3,79),(8178,'S1211',5,4,60),(8179,'S1211',4,1,88),(8180,'S1211',4,2,76),(8181,'S1211',4,3,98),(8182,'S1211',4,4,79),(8183,'S1211',3,1,84),(8184,'S1211',3,2,83),(8185,'S1211',3,3,61),(8186,'S1211',3,4,77),(8187,'S1211',2,1,63),(8188,'S1211',2,2,64),(8189,'S1211',2,3,71),(8190,'S1211',2,4,63),(8191,'S1211',1,1,82),(8192,'S1211',1,2,82),(8193,'S1211',1,3,61),(8194,'S1211',1,4,84),(8195,'S1212',6,1,93),(8196,'S1212',6,2,74),(8197,'S1212',6,3,70),(8198,'S1212',6,4,69),(8199,'S1212',5,1,76),(8200,'S1212',5,2,72),(8201,'S1212',5,3,75),(8202,'S1212',5,4,96),(8203,'S1212',4,1,74),(8204,'S1212',4,2,65),(8205,'S1212',4,3,81),(8206,'S1212',4,4,72),(8207,'S1212',3,1,96),(8208,'S1212',3,2,80),(8209,'S1212',3,3,97),(8210,'S1212',3,4,100),(8211,'S1212',2,1,70),(8212,'S1212',2,2,72),(8213,'S1212',2,3,89),(8214,'S1212',2,4,90),(8215,'S1212',1,1,79),(8216,'S1212',1,2,69),(8217,'S1212',1,3,89),(8218,'S1212',1,4,96),(8219,'S1213',6,1,72),(8220,'S1213',6,2,94),(8221,'S1213',6,3,72),(8222,'S1213',6,4,100),(8223,'S1213',5,1,100),(8224,'S1213',5,2,62),(8225,'S1213',5,3,70),(8226,'S1213',5,4,64),(8227,'S1213',4,1,90),(8228,'S1213',4,2,78),(8229,'S1213',4,3,60),(8230,'S1213',4,4,89),(8231,'S1213',3,1,83),(8232,'S1213',3,2,87),(8233,'S1213',3,3,86),(8234,'S1213',3,4,67),(8235,'S1213',2,1,100),(8236,'S1213',2,2,74),(8237,'S1213',2,3,93),(8238,'S1213',2,4,61),(8239,'S1213',1,1,88),(8240,'S1213',1,2,77),(8241,'S1213',1,3,62),(8242,'S1213',1,4,100),(8243,'S1214',6,1,92),(8244,'S1214',6,2,100),(8245,'S1214',6,3,83),(8246,'S1214',6,4,94),(8247,'S1214',5,1,81),(8248,'S1214',5,2,64),(8249,'S1214',5,3,100),(8250,'S1214',5,4,82),(8251,'S1214',4,1,92),(8252,'S1214',4,2,72),(8253,'S1214',4,3,68),(8254,'S1214',4,4,62),(8255,'S1214',3,1,87),(8256,'S1214',3,2,68),(8257,'S1214',3,3,100),(8258,'S1214',3,4,72),(8259,'S1214',2,1,81),(8260,'S1214',2,2,92),(8261,'S1214',2,3,73),(8262,'S1214',2,4,70),(8263,'S1214',1,1,74),(8264,'S1214',1,2,97),(8265,'S1214',1,3,84),(8266,'S1214',1,4,69),(8267,'S1215',6,1,64),(8268,'S1215',6,2,64),(8269,'S1215',6,3,61),(8270,'S1215',6,4,60),(8271,'S1215',5,1,70),(8272,'S1215',5,2,68),(8273,'S1215',5,3,61),(8274,'S1215',5,4,62),(8275,'S1215',4,1,65),(8276,'S1215',4,2,68),(8277,'S1215',4,3,67),(8278,'S1215',4,4,69),(8279,'S1215',3,1,63),(8280,'S1215',3,2,61),(8281,'S1215',3,3,64),(8282,'S1215',3,4,68),(8283,'S1215',2,1,66),(8284,'S1215',2,2,67),(8285,'S1215',2,3,69),(8286,'S1215',2,4,63),(8287,'S1215',1,1,69),(8288,'S1215',1,2,66),(8289,'S1215',1,3,64),(8290,'S1215',1,4,69),(8291,'S1216',6,1,86),(8292,'S1216',6,2,76),(8293,'S1216',6,3,64),(8294,'S1216',6,4,75),(8295,'S1216',5,1,80),(8296,'S1216',5,2,74),(8297,'S1216',5,3,71),(8298,'S1216',5,4,72),(8299,'S1216',4,1,88),(8300,'S1216',4,2,84),(8301,'S1216',4,3,94),(8302,'S1216',4,4,79),(8303,'S1216',3,1,95),(8304,'S1216',3,2,96),(8305,'S1216',3,3,92),(8306,'S1216',3,4,74),(8307,'S1216',2,1,77),(8308,'S1216',2,2,100),(8309,'S1216',2,3,87),(8310,'S1216',2,4,78),(8311,'S1216',1,1,69),(8312,'S1216',1,2,90),(8313,'S1216',1,3,63),(8314,'S1216',1,4,69),(8315,'S1217',6,1,93),(8316,'S1217',6,2,76),(8317,'S1217',6,3,84),(8318,'S1217',6,4,91),(8319,'S1217',5,1,100),(8320,'S1217',5,2,88),(8321,'S1217',5,3,81),(8322,'S1217',5,4,82),(8323,'S1217',4,1,65),(8324,'S1217',4,2,61),(8325,'S1217',4,3,91),(8326,'S1217',4,4,90),(8327,'S1217',3,1,75),(8328,'S1217',3,2,88),(8329,'S1217',3,3,72),(8330,'S1217',3,4,76),(8331,'S1217',2,1,67),(8332,'S1217',2,2,86),(8333,'S1217',2,3,88),(8334,'S1217',2,4,81),(8335,'S1217',1,1,83),(8336,'S1217',1,2,70),(8337,'S1217',1,3,85),(8338,'S1217',1,4,72),(8339,'S1218',6,1,87),(8340,'S1218',6,2,78),(8341,'S1218',6,3,69),(8342,'S1218',6,4,91),(8343,'S1218',5,1,67),(8344,'S1218',5,2,84),(8345,'S1218',5,3,76),(8346,'S1218',5,4,72),(8347,'S1218',4,1,69),(8348,'S1218',4,2,72),(8349,'S1218',4,3,91),(8350,'S1218',4,4,97),(8351,'S1218',3,1,72),(8352,'S1218',3,2,91),(8353,'S1218',3,3,97),(8354,'S1218',3,4,72),(8355,'S1218',2,1,92),(8356,'S1218',2,2,100),(8357,'S1218',2,3,84),(8358,'S1218',2,4,100),(8359,'S1218',1,1,66),(8360,'S1218',1,2,94),(8361,'S1218',1,3,88),(8362,'S1218',1,4,100),(8363,'S1219',6,1,93),(8364,'S1219',6,2,97),(8365,'S1219',6,3,69),(8366,'S1219',6,4,92),(8367,'S1219',5,1,68),(8368,'S1219',5,2,89),(8369,'S1219',5,3,98),(8370,'S1219',5,4,80),(8371,'S1219',4,1,89),(8372,'S1219',4,2,63),(8373,'S1219',4,3,72),(8374,'S1219',4,4,70),(8375,'S1219',3,1,74),(8376,'S1219',3,2,61),(8377,'S1219',3,3,62),(8378,'S1219',3,4,68),(8379,'S1219',2,1,97),(8380,'S1219',2,2,96),(8381,'S1219',2,3,90),(8382,'S1219',2,4,60),(8383,'S1219',1,1,95),(8384,'S1219',1,2,73),(8385,'S1219',1,3,100),(8386,'S1219',1,4,99),(8387,'S1220',6,1,97),(8388,'S1220',6,2,84),(8389,'S1220',6,3,71),(8390,'S1220',6,4,85),(8391,'S1220',5,1,69),(8392,'S1220',5,2,74),(8393,'S1220',5,3,60),(8394,'S1220',5,4,60),(8395,'S1220',4,1,61),(8396,'S1220',4,2,67),(8397,'S1220',4,3,91),(8398,'S1220',4,4,74),(8399,'S1220',3,1,75),(8400,'S1220',3,2,95),(8401,'S1220',3,3,67),(8402,'S1220',3,4,74),(8403,'S1220',2,1,68),(8404,'S1220',2,2,97),(8405,'S1220',2,3,61),(8406,'S1220',2,4,76),(8407,'S1220',1,1,98),(8408,'S1220',1,2,79),(8409,'S1220',1,3,84),(8410,'S1220',1,4,81),(8411,'S1221',6,1,95),(8412,'S1221',6,2,90),(8413,'S1221',6,3,63),(8414,'S1221',6,4,68),(8415,'S1221',5,1,94),(8416,'S1221',5,2,80),(8417,'S1221',5,3,60),(8418,'S1221',5,4,84),(8419,'S1221',4,1,96),(8420,'S1221',4,2,87),(8421,'S1221',4,3,87),(8422,'S1221',4,4,76),(8423,'S1221',3,1,98),(8424,'S1221',3,2,79),(8425,'S1221',3,3,85),(8426,'S1221',3,4,85),(8427,'S1221',2,1,71),(8428,'S1221',2,2,82),(8429,'S1221',2,3,97),(8430,'S1221',2,4,98),(8431,'S1221',1,1,100),(8432,'S1221',1,2,61),(8433,'S1221',1,3,69),(8434,'S1221',1,4,64),(8435,'S1222',6,1,91),(8436,'S1222',6,2,83),(8437,'S1222',6,3,81),(8438,'S1222',6,4,99),(8439,'S1222',5,1,69),(8440,'S1222',5,2,69),(8441,'S1222',5,3,80),(8442,'S1222',5,4,93),(8443,'S1222',4,1,83),(8444,'S1222',4,2,76),(8445,'S1222',4,3,71),(8446,'S1222',4,4,69),(8447,'S1222',3,1,71),(8448,'S1222',3,2,88),(8449,'S1222',3,3,87),(8450,'S1222',3,4,71),(8451,'S1222',2,1,73),(8452,'S1222',2,2,93),(8453,'S1222',2,3,63),(8454,'S1222',2,4,60),(8455,'S1222',1,1,91),(8456,'S1222',1,2,92),(8457,'S1222',1,3,87),(8458,'S1222',1,4,98),(8459,'S1223',6,1,88),(8460,'S1223',6,2,85),(8461,'S1223',6,3,62),(8462,'S1223',6,4,77),(8463,'S1223',5,1,97),(8464,'S1223',5,2,75),(8465,'S1223',5,3,63),(8466,'S1223',5,4,72),(8467,'S1223',4,1,72),(8468,'S1223',4,2,85),(8469,'S1223',4,3,66),(8470,'S1223',4,4,96),(8471,'S1223',3,1,100),(8472,'S1223',3,2,70),(8473,'S1223',3,3,74),(8474,'S1223',3,4,100),(8475,'S1223',2,1,97),(8476,'S1223',2,2,83),(8477,'S1223',2,3,64),(8478,'S1223',2,4,94),(8479,'S1223',1,1,95),(8480,'S1223',1,2,92),(8481,'S1223',1,3,73),(8482,'S1223',1,4,74),(8483,'S1224',6,1,89),(8484,'S1224',6,2,81),(8485,'S1224',6,3,79),(8486,'S1224',6,4,93),(8487,'S1224',5,1,87),(8488,'S1224',5,2,96),(8489,'S1224',5,3,80),(8490,'S1224',5,4,90),(8491,'S1224',4,1,68),(8492,'S1224',4,2,95),(8493,'S1224',4,3,86),(8494,'S1224',4,4,88),(8495,'S1224',3,1,81),(8496,'S1224',3,2,83),(8497,'S1224',3,3,69),(8498,'S1224',3,4,79),(8499,'S1224',2,1,86),(8500,'S1224',2,2,93),(8501,'S1224',2,3,67),(8502,'S1224',2,4,79),(8503,'S1224',1,1,94),(8504,'S1224',1,2,92),(8505,'S1224',1,3,76),(8506,'S1224',1,4,87),(8507,'S1225',6,1,63),(8508,'S1225',6,2,78),(8509,'S1225',6,3,61),(8510,'S1225',6,4,93),(8511,'S1225',5,1,97),(8512,'S1225',5,2,68),(8513,'S1225',5,3,70),(8514,'S1225',5,4,85),(8515,'S1225',4,1,74),(8516,'S1225',4,2,97),(8517,'S1225',4,3,82),(8518,'S1225',4,4,99),(8519,'S1225',3,1,66),(8520,'S1225',3,2,97),(8521,'S1225',3,3,63),(8522,'S1225',3,4,89),(8523,'S1225',2,1,73),(8524,'S1225',2,2,81),(8525,'S1225',2,3,86),(8526,'S1225',2,4,83),(8527,'S1225',1,1,100),(8528,'S1225',1,2,70),(8529,'S1225',1,3,70),(8530,'S1225',1,4,80),(8531,'S1226',6,1,95),(8532,'S1226',6,2,97),(8533,'S1226',6,3,95),(8534,'S1226',6,4,96),(8535,'S1226',5,1,95),(8536,'S1226',5,2,97),(8537,'S1226',5,3,97),(8538,'S1226',5,4,98),(8539,'S1226',4,1,96),(8540,'S1226',4,2,97),(8541,'S1226',4,3,96),(8542,'S1226',4,4,99),(8543,'S1226',3,1,99),(8544,'S1226',3,2,98),(8545,'S1226',3,3,98),(8546,'S1226',3,4,96),(8547,'S1226',2,1,97),(8548,'S1226',2,2,97),(8549,'S1226',2,3,96),(8550,'S1226',2,4,96),(8551,'S1226',1,1,98),(8552,'S1226',1,2,97),(8553,'S1226',1,3,98),(8554,'S1226',1,4,98),(8555,'S1227',6,1,85),(8556,'S1227',6,2,68),(8557,'S1227',6,3,64),(8558,'S1227',6,4,99),(8559,'S1227',5,1,78),(8560,'S1227',5,2,73),(8561,'S1227',5,3,74),(8562,'S1227',5,4,89),(8563,'S1227',4,1,83),(8564,'S1227',4,2,89),(8565,'S1227',4,3,94),(8566,'S1227',4,4,63),(8567,'S1227',3,1,94),(8568,'S1227',3,2,60),(8569,'S1227',3,3,82),(8570,'S1227',3,4,87),(8571,'S1227',2,1,89),(8572,'S1227',2,2,84),(8573,'S1227',2,3,91),(8574,'S1227',2,4,63),(8575,'S1227',1,1,64),(8576,'S1227',1,2,73),(8577,'S1227',1,3,70),(8578,'S1227',1,4,72),(8579,'S1228',6,1,90),(8580,'S1228',6,2,92),(8581,'S1228',6,3,92),(8582,'S1228',6,4,81),(8583,'S1228',5,1,71),(8584,'S1228',5,2,92),(8585,'S1228',5,3,65),(8586,'S1228',5,4,73),(8587,'S1228',4,1,70),(8588,'S1228',4,2,70),(8589,'S1228',4,3,79),(8590,'S1228',4,4,86),(8591,'S1228',3,1,94),(8592,'S1228',3,2,67),(8593,'S1228',3,3,78),(8594,'S1228',3,4,89),(8595,'S1228',2,1,69),(8596,'S1228',2,2,61),(8597,'S1228',2,3,80),(8598,'S1228',2,4,73),(8599,'S1228',1,1,66),(8600,'S1228',1,2,91),(8601,'S1228',1,3,76),(8602,'S1228',1,4,87),(8603,'S1229',6,1,68),(8604,'S1229',6,2,99),(8605,'S1229',6,3,69),(8606,'S1229',6,4,69),(8607,'S1229',5,1,80),(8608,'S1229',5,2,90),(8609,'S1229',5,3,70),(8610,'S1229',5,4,60),(8611,'S1229',4,1,72),(8612,'S1229',4,2,80),(8613,'S1229',4,3,84),(8614,'S1229',4,4,80),(8615,'S1229',3,1,88),(8616,'S1229',3,2,100),(8617,'S1229',3,3,93),(8618,'S1229',3,4,64),(8619,'S1229',2,1,65),(8620,'S1229',2,2,72),(8621,'S1229',2,3,67),(8622,'S1229',2,4,98),(8623,'S1229',1,1,67),(8624,'S1229',1,2,64),(8625,'S1229',1,3,99),(8626,'S1229',1,4,79),(8627,'S1230',6,1,80),(8628,'S1230',6,2,64),(8629,'S1230',6,3,60),(8630,'S1230',6,4,90),(8631,'S1230',5,1,89),(8632,'S1230',5,2,74),(8633,'S1230',5,3,83),(8634,'S1230',5,4,93),(8635,'S1230',4,1,74),(8636,'S1230',4,2,73),(8637,'S1230',4,3,81),(8638,'S1230',4,4,89),(8639,'S1230',3,1,99),(8640,'S1230',3,2,89),(8641,'S1230',3,3,89),(8642,'S1230',3,4,78),(8643,'S1230',2,1,61),(8644,'S1230',2,2,93),(8645,'S1230',2,3,61),(8646,'S1230',2,4,88),(8647,'S1230',1,1,75),(8648,'S1230',1,2,94),(8649,'S1230',1,3,63),(8650,'S1230',1,4,95);
/*!40000 ALTER TABLE `Scores` ENABLE KEYS */;
UNLOCK TABLES;

--
-- Table structure for table `Students`
--

DROP TABLE IF EXISTS `Students`;
/*!40101 SET @saved_cs_client     = @@character_set_client */;
/*!50503 SET character_set_client = utf8mb4 */;
CREATE TABLE `Students` (
  `student_id` varchar(255) NOT NULL,
  `student_name` varchar(255) DEFAULT NULL,
  `class_id` int DEFAULT NULL,
  `password` varchar(255) DEFAULT NULL,
  PRIMARY KEY (`student_id`),
  KEY `fk_students_class_id` (`class_id`),
  CONSTRAINT `fk_students_class_id` FOREIGN KEY (`class_id`) REFERENCES `Classes` (`class_id`)
) ENGINE=InnoDB DEFAULT CHARSET=utf8mb4 COLLATE=utf8mb4_0900_ai_ci;
/*!40101 SET character_set_client = @saved_cs_client */;

--
-- Dumping data for table `Students`
--

LOCK TABLES `Students` WRITE;
/*!40000 ALTER TABLE `Students` DISABLE KEYS */;
INSERT INTO `Students` VALUES ('S0101','谷雪',1,'pass123'),('S0102','植波明',1,'pass123'),('S0103','董龙铭',1,'pass123'),('S0104','薛磊',1,'pass123'),('S0105','易敏',1,'pass123'),('S0106','澹台雪',1,'pass123'),('S0107','毛林',1,'pass123'),('S0108','易明',1,'pass123'),('S0109','杨静磊',1,'pass123'),('S0110','陈浩',1,'pass123'),('S0111','袁轩',1,'pass123'),('S0112','聂超然',1,'pass123'),('S0113','赵军',1,'pass123'),('S0114','屈坤娟',1,'pass123'),('S0115','卢帅宇',1,'pass123'),('S0116','植玲华',1,'pass123'),('S0117','李峰',1,'pass123'),('S0118','翁艳',1,'pass123'),('S0119','阮芳',1,'pass123'),('S0120','贾洋波',1,'pass123'),('S0121','濮阳博坤',1,'pass123'),('S0122','田成峰',1,'pass123'),('S0123','左霞',1,'pass123'),('S0124','郭天',1,'pass123'),('S0125','单子鑫',1,'pass123'),('S0126','郝泽成',1,'pass123'),('S0127','廖然',1,'pass123'),('S0128','申彬鑫',1,'pass123'),('S0129','澹台洋敏',1,'pass123'),('S0130','焦涵涛',1,'pass123'),('S0201','岳毅鑫',2,'pass123'),('S0202','贺辉娜',2,'pass123'),('S0203','毛彬子',2,'pass123'),('S0204','鲁慧',2,'pass123'),('S0205','曲燕',2,'pass123'),('S0206','翁宇浩',2,'pass123'),('S0207','太叔浩婷',2,'pass123'),('S0208','赫连林帅',2,'pass123'),('S0209','吕磊',2,'pass123'),('S0210','尹倩阳',2,'pass123'),('S0211','孔静宸',2,'pass123'),('S0212','黄敏',2,'pass123'),('S0213','邵涛',2,'pass123'),('S0214','曲龙',2,'pass123'),('S0215','陈峰',2,'pass123'),('S0216','邵宸',2,'pass123'),('S0217','吴阳',2,'pass123'),('S0218','辛倩',2,'pass123'),('S0219','尹帅帆',2,'pass123'),('S0220','覃天莉',2,'pass123'),('S0221','欧阳静芳',2,'pass123'),('S0222','景洋丽',2,'pass123'),('S0223','陈华',2,'pass123'),('S0224','贾林泽',2,'pass123'),('S0225','项明',2,'pass123'),('S0226','葛洋',2,'pass123'),('S0227','陆轩娟',2,'pass123'),('S0228','冯泽涛',2,'pass123'),('S0229','吴建帅',2,'pass123'),('S0230','牟斌',2,'pass123'),('S0301','牟倩',3,'pass123'),('S0302','孔俊铭',3,'pass123'),('S0303','凌峰',3,'pass123'),('S0304','闵玲华',3,'pass123'),('S0305','霍宇然',3,'pass123'),('S0306','侯娟静',3,'pass123'),('S0307','裴俊天',3,'pass123'),('S0308','杜芳',3,'pass123'),('S0309','宋刚',3,'pass123'),('S0310','皇甫涵俊',3,'pass123'),('S0311','蒋辉娟',3,'pass123'),('S0312','范凯',3,'pass123'),('S0313','邓芳',3,'pass123'),('S0314','宋天宇',3,'pass123'),('S0315','邱涛宸',3,'pass123'),('S0316','魏玲倩',3,'pass123'),('S0317','杨娜然',3,'pass123'),('S0318','梅艳',3,'pass123'),('S0319','李军凯',3,'pass123'),('S0320','钱明',3,'pass123'),('S0321','郭敏',3,'pass123'),('S0322','崔艳',3,'pass123'),('S0323','公羊凯',3,'pass123'),('S0324','易艳明',3,'pass123'),('S0325','潘浩',3,'pass123'),('S0326','毕颖建',3,'pass123'),('S0327','庄艳',3,'pass123'),('S0328','苗娜',3,'pass123'),('S0329','郭然',3,'pass123'),('S0330','马刚',3,'pass123'),('S0401','卢军超',4,'pass123'),('S0402','谭帅莉',4,'pass123'),('S0403','常霞文',4,'pass123'),('S0404','刘坤宇',4,'pass123'),('S0405','汤成',4,'pass123'),('S0406','南宫洁',4,'pass123'),('S0407','武斌',4,'pass123'),('S0408','尹艳',4,'pass123'),('S0409','雷辉辉',4,'pass123'),('S0410','丛军涵',4,'pass123'),('S0411','赖铭晨',4,'pass123'),('S0412','莫军',4,'pass123'),('S0413','孙凯洁',4,'pass123'),('S0414','苗天',4,'pass123'),('S0415','邢宸',4,'pass123'),('S0416','牛皓婧',4,'pass123'),('S0417','桂鑫天',4,'pass123'),('S0418','朱玲',4,'pass123'),('S0419','俞强',4,'pass123'),('S0420','辛磊',4,'pass123'),('S0421','宋洋',4,'pass123'),('S0422','杜莉飞',4,'pass123'),('S0423','赫连毅',4,'pass123'),('S0424','廖莉',4,'pass123'),('S0425','钱子然',4,'pass123'),('S0426','邹明',4,'pass123'),('S0427','姜倩',4,'pass123'),('S0428','项轩',4,'pass123'),('S0429','公羊娟',4,'pass123'),('S0430','蔡静',4,'pass123'),('S0501','桂伟宸',5,'pass123'),('S0502','位洋',5,'pass123'),('S0503','戴文',5,'pass123'),('S0504','潘子',5,'pass123'),('S0505','邓颖子',5,'pass123'),('S0506','余成勇',5,'pass123'),('S0507','毕毅',5,'pass123'),('S0508','路丹洁',5,'pass123'),('S0509','庄敏鑫',5,'pass123'),('S0510','包宇',5,'pass123'),('S0511','甘成',5,'pass123'),('S0512','薄浩军',5,'pass123'),('S0513','沈斌',5,'pass123'),('S0514','鲍军艳',5,'pass123'),('S0515','芦亮浩',5,'pass123'),('S0516','贾娟坤',5,'pass123'),('S0517','万艳莉',5,'pass123'),('S0518','程倩悦',5,'pass123'),('S0519','乔玲',5,'pass123'),('S0520','林军文',5,'pass123'),('S0521','靳霞',5,'pass123'),('S0522','方浩',5,'pass123'),('S0523','端木帆',5,'pass123'),('S0524','贾明',5,'pass123'),('S0525','常宸',5,'pass123'),('S0526','陈航',5,'pass123'),('S0527','澹台洋航',5,'pass123'),('S0528','伍毅浩',5,'pass123'),('S0529','桂婷强',5,'pass123'),('S0530','林毅',5,'pass123'),('S0601','沈雪',6,'pass123'),('S0602','梁刚飞',6,'pass123'),('S0603','徐丽',6,'pass123'),('S0604','薛刚宇',6,'pass123'),('S0605','景艳',6,'pass123'),('S0606','詹凯',6,'pass123'),('S0607','钟慧博',6,'pass123'),('S0608','伍波浩',6,'pass123'),('S0609','邢磊洁',6,'pass123'),('S0610','程泽华',6,'pass123'),('S0611','任艳',6,'pass123'),('S0612','唐波慧',6,'pass123'),('S0613','苗浩',6,'pass123'),('S0614','耿文',6,'pass123'),('S0615','甘子磊',6,'pass123'),('S0616','耿燕明',6,'pass123'),('S0617','包帆',6,'pass123'),('S0618','芦洋丹',6,'pass123'),('S0619','温丽',6,'pass123'),('S0620','孔然娟',6,'pass123'),('S0621','赵悦',6,'pass123'),('S0622','柯莉',6,'pass123'),('S0623','冯颖磊',6,'pass123'),('S0624','席亮铭',6,'pass123'),('S0625','赵婧',6,'pass123'),('S0626','萧峰',6,'pass123'),('S0627','汤天磊',6,'pass123'),('S0628','丁军彬',6,'pass123'),('S0629','赵子华',6,'pass123'),('S0630','孙坤慧',6,'pass123'),('S0701','丁鑫',7,'pass123'),('S0702','司轩毅',7,'pass123'),('S0703','赖刚',7,'pass123'),('S0704','成鑫',7,'pass123'),('S0705','左杰',7,'pass123'),('S0706','杜浩',7,'pass123'),('S0707','牟婧军',7,'pass123'),('S0708','曾建芳',7,'pass123'),('S0709','路敏',7,'pass123'),('S0710','韩倩洁',7,'pass123'),('S0711','田浩',7,'pass123'),('S0712','戴辉',7,'pass123'),('S0713','石宇鑫',7,'pass123'),('S0714','盛伟浩',7,'pass123'),('S0715','季明倩',7,'pass123'),('S0716','卜帆',7,'pass123'),('S0717','万成艳',7,'pass123'),('S0718','蔡丹静',7,'pass123'),('S0719','单泽丽',7,'pass123'),('S0720','黎凯明',7,'pass123'),('S0721','田玲',7,'pass123'),('S0722','袁超俊',7,'pass123'),('S0723','吴涵磊',7,'pass123'),('S0724','沿伟波',7,'pass123'),('S0725','赫连洁',7,'pass123'),('S0726','路铭',7,'pass123'),('S0727','庄子',7,'pass123'),('S0728','沿莉',7,'pass123'),('S0729','关天翔',7,'pass123'),('S0730','关强',7,'pass123'),('S0801','舒辉航',8,'pass123'),('S0802','杜强',8,'pass123'),('S0803','莫航宇',8,'pass123'),('S0804','南宫芳斌',8,'pass123'),('S0805','宗政娟',8,'pass123'),('S0806','孔宇芳',8,'pass123'),('S0807','刘倩',8,'pass123'),('S0808','苏磊',8,'pass123'),('S0809','康鑫',8,'pass123'),('S0810','苗敏明',8,'pass123'),('S0811','韩轩子',8,'pass123'),('S0812','上官涛',8,'pass123'),('S0813','太史子',8,'pass123'),('S0814','许颖勇',8,'pass123'),('S0815','薛晨芳',8,'pass123'),('S0816','任军建',8,'pass123'),('S0817','芦丽',8,'pass123'),('S0818','甄毅泽',8,'pass123'),('S0819','罗倩',8,'pass123'),('S0820','戴凯斌',8,'pass123'),('S0821','纪艳飞',8,'pass123'),('S0822','卜宇子',8,'pass123'),('S0823','邓建',8,'pass123'),('S0824','常子',8,'pass123'),('S0825','詹建涛',8,'pass123'),('S0826','游帆',8,'pass123'),('S0827','贺华龙',8,'pass123'),('S0828','陈皓峰',8,'pass123'),('S0829','康丹',8,'pass123'),('S0830','韦轩',8,'pass123'),('S0901','申洋',9,'pass123'),('S0902','裴皓颖',9,'pass123'),('S0903','崔皓燕',9,'pass123'),('S0904','上官燕',9,'pass123'),('S0905','濮阳龙',9,'pass123'),('S0906','陈波华',9,'pass123'),('S0907','崔倩博',9,'pass123'),('S0908','夏晨凯',9,'pass123'),('S0909','文婧涛',9,'pass123'),('S0910','吴杰',9,'pass123'),('S0911','曲斌',9,'pass123'),('S0912','赖明军',9,'pass123'),('S0913','闻人阳',9,'pass123'),('S0914','尉迟毅',9,'pass123'),('S0915','莫波勇',9,'pass123'),('S0916','郝莉',9,'pass123'),('S0917','屈洁',9,'pass123'),('S0918','费峰峰',9,'pass123'),('S0919','欧凯',9,'pass123'),('S0920','祝峰涛',9,'pass123'),('S0921','彭艳',9,'pass123'),('S0922','纪乐铭',9,'pass123'),('S0923','孟坤浩',9,'pass123'),('S0924','柳超',9,'pass123'),('S0925','徐亮',9,'pass123'),('S0926','姜皓',9,'pass123'),('S0927','谢静悦',9,'pass123'),('S0928','范峰',9,'pass123'),('S0929','南宫刚',9,'pass123'),('S0930','管然艳',9,'pass123'),('S1001','杨杰丽',10,'pass123'),('S1002','唐亮',10,'pass123'),('S1003','俞子慧',10,'pass123'),('S1004','芦帆',10,'pass123'),('S1005','孔文',10,'pass123'),('S1006','田强',10,'pass123'),('S1007','景明婧',10,'pass123'),('S1008','伍毅凯',10,'pass123'),('S1009','盛丽',10,'pass123'),('S1010','邓敏',10,'pass123'),('S1011','尹勇',10,'pass123'),('S1012','黄轩浩',10,'pass123'),('S1013','范娟',10,'pass123'),('S1014','沿亮峰',10,'pass123'),('S1015','耿泽',10,'pass123'),('S1016','莫军宇',10,'pass123'),('S1017','植博静',10,'pass123'),('S1018','鲍华',10,'pass123'),('S1019','金宸',10,'pass123'),('S1020','葛悦鑫',10,'pass123'),('S1021','唐艳',10,'pass123'),('S1022','吴洋',10,'pass123'),('S1023','沈坤洋',10,'pass123'),('S1024','龙霞',10,'pass123'),('S1025','游颖',10,'pass123'),('S1026','项坤',10,'pass123'),('S1027','卜颖婧',10,'pass123'),('S1028','时强',10,'pass123'),('S1029','闵涛博',10,'pass123'),('S1030','太叔刚建',10,'pass123'),('S1101','高宇',11,'pass123'),('S1102','曹翔',11,'pass123'),('S1103','夏侯鑫毅',11,'pass123'),('S1104','彭乐',11,'pass123'),('S1105','曲明',11,'pass123'),('S1106','韦涵',11,'pass123'),('S1107','程杰',11,'pass123'),('S1108','季杰军',11,'pass123'),('S1109','丁娜成',11,'pass123'),('S1110','方霞',11,'pass123'),('S1111','姜航杰',11,'pass123'),('S1112','侯轩飞',11,'pass123'),('S1113','魏凯娜',11,'pass123'),('S1114','秦博军',11,'pass123'),('S1115','韦玲',11,'pass123'),('S1116','濮阳莉丽',11,'pass123'),('S1117','武强',11,'pass123'),('S1118','曹磊',11,'pass123'),('S1119','石慧',11,'pass123'),('S1120','段莉倩',11,'pass123'),('S1121','申凯丽',11,'pass123'),('S1122','童洁',11,'pass123'),('S1123','侯军',11,'pass123'),('S1124','尹龙磊',11,'pass123'),('S1125','金丽',11,'pass123'),('S1126','梅天',11,'pass123'),('S1127','韦雪娜',11,'pass123'),('S1128','公冶乐丽',11,'pass123'),('S1129','桂鑫',11,'pass123'),('S1130','欧鑫婷',11,'pass123'),('S1201','钟然刚',12,'pass123'),('S1202','温燕帅',12,'pass123'),('S1203','隋刚娜',12,'pass123'),('S1204','万轩娟',12,'pass123'),('S1205','谢洋丽',12,'pass123'),('S1206','向宇',12,'pass123'),('S1207','纪明皓',12,'pass123'),('S1208','张俊斌',12,'pass123'),('S1209','辛鑫',12,'pass123'),('S1210','韩亮',12,'pass123'),('S1211','关峰娜',12,'pass123'),('S1212','单婧',12,'pass123'),('S1213','朱鑫',12,'pass123'),('S1214','蔡鑫凯',12,'pass123'),('S1215','丁航',12,'pass123'),('S1216','阮涵娟',12,'pass123'),('S1217','夏军静',12,'pass123'),('S1218','司轩',12,'pass123'),('S1219','易斌博',12,'pass123'),('S1220','李乐艳',12,'pass123'),('S1221','贺华辉',12,'pass123'),('S1222','曲涵慧',12,'pass123'),('S1223','金宇宸',12,'pass123'),('S1224','朱子乐',12,'pass123'),('S1225','汪皓',12,'pass123'),('S1226','曲霞燕',12,'pass123'),('S1227','俞燕成',12,'pass123'),('S1228','覃娟彬',12,'pass123'),('S1229','龙轩',12,'pass123'),('S1230','聂丽',12,'pass123');
/*!40000 ALTER TABLE `Students` ENABLE KEYS */;
UNLOCK TABLES;

--
-- Table structure for table `Subjects`
--

DROP TABLE IF EXISTS `Subjects`;
/*!40101 SET @saved_cs_client     = @@character_set_client */;
/*!50503 SET character_set_client = utf8mb4 */;
CREATE TABLE `Subjects` (
  `subject_id` int NOT NULL,
  `subject_name` varchar(255) DEFAULT NULL,
  PRIMARY KEY (`subject_id`)
) ENGINE=InnoDB DEFAULT CHARSET=utf8mb4 COLLATE=utf8mb4_0900_ai_ci;
/*!40101 SET character_set_client = @saved_cs_client */;

--
-- Dumping data for table `Subjects`
--

LOCK TABLES `Subjects` WRITE;
/*!40000 ALTER TABLE `Subjects` DISABLE KEYS */;
INSERT INTO `Subjects` VALUES (1,'语文'),(2,'数学'),(3,'英语'),(4,'物理'),(5,'化学'),(6,'政治');
/*!40000 ALTER TABLE `Subjects` ENABLE KEYS */;
UNLOCK TABLES;

--
-- Table structure for table `TeacherClasses`
--

DROP TABLE IF EXISTS `TeacherClasses`;
/*!40101 SET @saved_cs_client     = @@character_set_client */;
/*!50503 SET character_set_client = utf8mb4 */;
CREATE TABLE `TeacherClasses` (
  `teacher_id` int DEFAULT NULL,
  `class_id` int DEFAULT NULL,
  KEY `fk_teacher_classes_teacher_id` (`teacher_id`),
  KEY `fk_teacher_classes_class_id` (`class_id`),
  CONSTRAINT `fk_teacher_classes_class_id` FOREIGN KEY (`class_id`) REFERENCES `Classes` (`class_id`),
  CONSTRAINT `fk_teacher_classes_teacher_id` FOREIGN KEY (`teacher_id`) REFERENCES `Teachers` (`teacher_id`)
) ENGINE=InnoDB DEFAULT CHARSET=utf8mb4 COLLATE=utf8mb4_0900_ai_ci;
/*!40101 SET character_set_client = @saved_cs_client */;

--
-- Dumping data for table `TeacherClasses`
--

LOCK TABLES `TeacherClasses` WRITE;
/*!40000 ALTER TABLE `TeacherClasses` DISABLE KEYS */;
INSERT INTO `TeacherClasses` VALUES (13,7),(13,5),(13,10),(1,6),(19,3),(7,11),(13,1),(19,8),(19,4),(13,2),(13,9),(1,12),(20,7),(2,5),(14,10),(14,6),(8,3),(8,11),(2,1),(2,8),(20,4),(2,2),(8,9),(20,12),(3,7),(15,5),(9,10),(9,6),(15,3),(3,11),(15,1),(3,8),(9,4),(3,2),(9,9),(3,12),(16,7),(10,5),(4,10),(4,6),(10,3),(4,11),(16,1),(4,8),(10,4),(10,2),(10,9),(16,12),(5,7),(11,5),(17,10),(11,6),(11,3),(5,11),(17,1),(17,8),(17,4),(11,2),(5,9),(11,12),(18,7),(18,5),(12,10),(18,6),(18,3),(18,11),(12,1),(6,8),(6,4),(6,2),(12,9),(6,12);
/*!40000 ALTER TABLE `TeacherClasses` ENABLE KEYS */;
UNLOCK TABLES;

--
-- Table structure for table `Teachers`
--

DROP TABLE IF EXISTS `Teachers`;
/*!40101 SET @saved_cs_client     = @@character_set_client */;
/*!50503 SET character_set_client = utf8mb4 */;
CREATE TABLE `Teachers` (
  `teacher_id` int NOT NULL AUTO_INCREMENT,
  `teacher_name` varchar(255) DEFAULT NULL,
  `subject_id` int NOT NULL,
  `password` varchar(255) DEFAULT NULL,
  PRIMARY KEY (`teacher_id`),
  KEY `subject_id` (`subject_id`),
  CONSTRAINT `Teachers_ibfk_1` FOREIGN KEY (`subject_id`) REFERENCES `Subjects` (`subject_id`)
) ENGINE=InnoDB AUTO_INCREMENT=21 DEFAULT CHARSET=utf8mb4 COLLATE=utf8mb4_0900_ai_ci;
/*!40101 SET character_set_client = @saved_cs_client */;

--
-- Dumping data for table `Teachers`
--

LOCK TABLES `Teachers` WRITE;
/*!40000 ALTER TABLE `Teachers` DISABLE KEYS */;
INSERT INTO `Teachers` VALUES (1,'王老师',1,'test123'),(2,'李老师',2,'123456'),(3,'张老师',3,'123456'),(4,'刘老师',4,'123456'),(5,'陈老师',5,'123456'),(6,'杨老师',6,'123456'),(7,'赵老师',1,'123456'),(8,'黄老师',2,'123456'),(9,'周老师',3,'123456'),(10,'吴老师',4,'123456'),(11,'徐老师',5,'123456'),(12,'孙老师',6,'123456'),(13,'胡老师',1,'123456'),(14,'朱老师',2,'123456'),(15,'高老师',3,'123456'),(16,'林老师',4,'123456'),(17,'何老师',5,'123456'),(18,'郭老师',6,'123456'),(19,'马老师',1,'123456'),(20,'罗老师',2,'123456');
/*!40000 ALTER TABLE `Teachers` ENABLE KEYS */;
UNLOCK TABLES;

--
-- Temporary view structure for view `exam_class`
--

DROP TABLE IF EXISTS `exam_class`;
/*!50001 DROP VIEW IF EXISTS `exam_class`*/;
SET @saved_cs_client     = @@character_set_client;
/*!50503 SET character_set_client = utf8mb4 */;
/*!50001 CREATE VIEW `exam_class` AS SELECT 
 1 AS `class_name`,
 1 AS `exam_type`,
 1 AS `A`,
 1 AS `B`,
 1 AS `C`,
 1 AS `D`*/;
SET character_set_client = @saved_cs_client;

--
-- Temporary view structure for view `exam_results`
--

DROP TABLE IF EXISTS `exam_results`;
/*!50001 DROP VIEW IF EXISTS `exam_results`*/;
SET @saved_cs_client     = @@character_set_client;
/*!50503 SET character_set_client = utf8mb4 */;
/*!50001 CREATE VIEW `exam_results` AS SELECT 
 1 AS `exam_type`,
 1 AS `student_name`,
 1 AS `chinese`,
 1 AS `math`,
 1 AS `english`,
 1 AS `physics`,
 1 AS `chemistry`,
 1 AS `politics`,
 1 AS `total_score`,
 1 AS `ranking`*/;
SET character_set_client = @saved_cs_client;

--
-- Temporary view structure for view `scores`
--

DROP TABLE IF EXISTS `scores`;
/*!50001 DROP VIEW IF EXISTS `scores`*/;
SET @saved_cs_client     = @@character_set_client;
/*!50503 SET character_set_client = utf8mb4 */;
/*!50001 CREATE VIEW `scores` AS SELECT 
 1 AS `score_id`,
 1 AS `student_name`,
 1 AS `subject_name`,
 1 AS `exam_type_name`,
 1 AS `score_value`*/;
SET character_set_client = @saved_cs_client;

--
-- Temporary view structure for view `students`
--

DROP TABLE IF EXISTS `students`;
/*!50001 DROP VIEW IF EXISTS `students`*/;
SET @saved_cs_client     = @@character_set_client;
/*!50503 SET character_set_client = utf8mb4 */;
/*!50001 CREATE VIEW `students` AS SELECT 
 1 AS `student_id`,
 1 AS `student_name`,
 1 AS `class_name`,
 1 AS `password`*/;
SET character_set_client = @saved_cs_client;

--
-- Temporary view structure for view `teacher_classes`
--

DROP TABLE IF EXISTS `teacher_classes`;
/*!50001 DROP VIEW IF EXISTS `teacher_classes`*/;
SET @saved_cs_client     = @@character_set_client;
/*!50503 SET character_set_client = utf8mb4 */;
/*!50001 CREATE VIEW `teacher_classes` AS SELECT 
 1 AS `teacher_name`,
 1 AS `class_name`*/;
SET character_set_client = @saved_cs_client;

--
-- Temporary view structure for view `teacher_counts`
--

DROP TABLE IF EXISTS `teacher_counts`;
/*!50001 DROP VIEW IF EXISTS `teacher_counts`*/;
SET @saved_cs_client     = @@character_set_client;
/*!50503 SET character_set_client = utf8mb4 */;
/*!50001 CREATE VIEW `teacher_counts` AS SELECT 
 1 AS `teacher_name`,
 1 AS `subject_name`,
 1 AS `class_count`*/;
SET character_set_client = @saved_cs_client;

--
-- Temporary view structure for view `teacher_performance`
--

DROP TABLE IF EXISTS `teacher_performance`;
/*!50001 DROP VIEW IF EXISTS `teacher_performance`*/;
SET @saved_cs_client     = @@character_set_client;
/*!50503 SET character_set_client = utf8mb4 */;
/*!50001 CREATE VIEW `teacher_performance` AS SELECT 
 1 AS `teacher_name`,
 1 AS `subject`,
 1 AS `class`,
 1 AS `exam_type_name`,
 1 AS `average_score`,
 1 AS `highest_score`,
 1 AS `lowest_score`,
 1 AS `ranking`*/;
SET character_set_client = @saved_cs_client;

--
-- Temporary view structure for view `teachers`
--

DROP TABLE IF EXISTS `teachers`;
/*!50001 DROP VIEW IF EXISTS `teachers`*/;
SET @saved_cs_client     = @@character_set_client;
/*!50503 SET character_set_client = utf8mb4 */;
/*!50001 CREATE VIEW `teachers` AS SELECT 
 1 AS `teacher_id`,
 1 AS `teacher_name`,
 1 AS `subject_name`,
 1 AS `password`*/;
SET character_set_client = @saved_cs_client;

--
-- Temporary view structure for view `users`
--

DROP TABLE IF EXISTS `users`;
/*!50001 DROP VIEW IF EXISTS `users`*/;
SET @saved_cs_client     = @@character_set_client;
/*!50503 SET character_set_client = utf8mb4 */;
/*!50001 CREATE VIEW `users` AS SELECT 
 1 AS `user_id`,
 1 AS `user_name`,
 1 AS `password`,
 1 AS `role`*/;
SET character_set_client = @saved_cs_client;

--
-- Final view structure for view `exam_class`
--

/*!50001 DROP VIEW IF EXISTS `exam_class`*/;
/*!50001 SET @saved_cs_client          = @@character_set_client */;
/*!50001 SET @saved_cs_results         = @@character_set_results */;
/*!50001 SET @saved_col_connection     = @@collation_connection */;
/*!50001 SET character_set_client      = utf8mb4 */;
/*!50001 SET character_set_results     = utf8mb4 */;
/*!50001 SET collation_connection      = utf8mb4_0900_ai_ci */;
/*!50001 CREATE ALGORITHM=UNDEFINED */
/*!50013 DEFINER=`root`@`localhost` SQL SECURITY DEFINER */
/*!50001 VIEW `exam_class` AS select `student_grades`.`class_name` AS `class_name`,`student_grades`.`exam_type` AS `exam_type`,sum((case when (`student_grades`.`grade_level` = 'A') then 1 else 0 end)) AS `A`,sum((case when (`student_grades`.`grade_level` = 'B') then 1 else 0 end)) AS `B`,sum((case when (`student_grades`.`grade_level` = 'C') then 1 else 0 end)) AS `C`,sum((case when (`student_grades`.`grade_level` = 'D') then 1 else 0 end)) AS `D` from (select `c`.`class_name` AS `class_name`,`et`.`exam_type_name` AS `exam_type`,`s`.`student_id` AS `student_id`,`s`.`student_name` AS `student_name`,(case when (ntile(4) OVER (PARTITION BY `et`.`exam_type_name` ORDER BY sum(`sc`.`score`) desc )  = 1) then 'A' when (ntile(4) OVER (PARTITION BY `et`.`exam_type_name` ORDER BY sum(`sc`.`score`) desc )  = 2) then 'B' when (ntile(4) OVER (PARTITION BY `et`.`exam_type_name` ORDER BY sum(`sc`.`score`) desc )  = 3) then 'C' when (ntile(4) OVER (PARTITION BY `et`.`exam_type_name` ORDER BY sum(`sc`.`score`) desc )  = 4) then 'D' end) AS `grade_level` from (((`Students` `s` join `Classes` `c` on((`s`.`class_id` = `c`.`class_id`))) join `Scores` `sc` on((`s`.`student_id` = `sc`.`student_id`))) join `ExamTypes` `et` on((`sc`.`exam_type_id` = `et`.`type_id`))) group by `c`.`class_name`,`et`.`exam_type_name`,`s`.`student_id`,`s`.`student_name`) `student_grades` group by `student_grades`.`class_name`,`student_grades`.`exam_type` order by `student_grades`.`class_name`,`student_grades`.`exam_type` */;
/*!50001 SET character_set_client      = @saved_cs_client */;
/*!50001 SET character_set_results     = @saved_cs_results */;
/*!50001 SET collation_connection      = @saved_col_connection */;

--
-- Final view structure for view `exam_results`
--

/*!50001 DROP VIEW IF EXISTS `exam_results`*/;
/*!50001 SET @saved_cs_client          = @@character_set_client */;
/*!50001 SET @saved_cs_results         = @@character_set_results */;
/*!50001 SET @saved_col_connection     = @@collation_connection */;
/*!50001 SET character_set_client      = utf8mb4 */;
/*!50001 SET character_set_results     = utf8mb4 */;
/*!50001 SET collation_connection      = utf8mb4_0900_ai_ci */;
/*!50001 CREATE ALGORITHM=UNDEFINED */
/*!50013 DEFINER=`root`@`localhost` SQL SECURITY DEFINER */
/*!50001 VIEW `exam_results` AS select `et`.`exam_type_name` AS `exam_type`,`s`.`student_name` AS `student_name`,sum((case when (`sub`.`subject_name` = '语文') then `sc`.`score` else 0 end)) AS `chinese`,sum((case when (`sub`.`subject_name` = '数学') then `sc`.`score` else 0 end)) AS `math`,sum((case when (`sub`.`subject_name` = '英语') then `sc`.`score` else 0 end)) AS `english`,sum((case when (`sub`.`subject_name` = '物理') then `sc`.`score` else 0 end)) AS `physics`,sum((case when (`sub`.`subject_name` = '化学') then `sc`.`score` else 0 end)) AS `chemistry`,sum((case when (`sub`.`subject_name` = '政治') then `sc`.`score` else 0 end)) AS `politics`,sum(`sc`.`score`) AS `total_score`,row_number() OVER (PARTITION BY `et`.`exam_type_name` ORDER BY sum(`sc`.`score`) desc )  AS `ranking` from (((`Students` `s` join `Scores` `sc` on((`s`.`student_id` = `sc`.`student_id`))) join `Subjects` `sub` on((`sc`.`subject_id` = `sub`.`subject_id`))) join `ExamTypes` `et` on((`sc`.`exam_type_id` = `et`.`type_id`))) group by `et`.`exam_type_name`,`s`.`student_id`,`s`.`student_name` order by `et`.`exam_type_name`,`ranking` */;
/*!50001 SET character_set_client      = @saved_cs_client */;
/*!50001 SET character_set_results     = @saved_cs_results */;
/*!50001 SET collation_connection      = @saved_col_connection */;

--
-- Final view structure for view `scores`
--

/*!50001 DROP VIEW IF EXISTS `scores`*/;
/*!50001 SET @saved_cs_client          = @@character_set_client */;
/*!50001 SET @saved_cs_results         = @@character_set_results */;
/*!50001 SET @saved_col_connection     = @@collation_connection */;
/*!50001 SET character_set_client      = utf8mb4 */;
/*!50001 SET character_set_results     = utf8mb4 */;
/*!50001 SET collation_connection      = utf8mb4_0900_ai_ci */;
/*!50001 CREATE ALGORITHM=UNDEFINED */
/*!50013 DEFINER=`root`@`localhost` SQL SECURITY DEFINER */
/*!50001 VIEW `scores` AS select `sc`.`score_id` AS `score_id`,`st`.`student_name` AS `student_name`,`sub`.`subject_name` AS `subject_name`,`et`.`exam_type_name` AS `exam_type_name`,`sc`.`score` AS `score_value` from (((`Scores` `sc` join `Students` `st` on((`sc`.`student_id` = `st`.`student_id`))) join `Subjects` `sub` on((`sc`.`subject_id` = `sub`.`subject_id`))) join `ExamTypes` `et` on((`sc`.`exam_type_id` = `et`.`type_id`))) */;
/*!50001 SET character_set_client      = @saved_cs_client */;
/*!50001 SET character_set_results     = @saved_cs_results */;
/*!50001 SET collation_connection      = @saved_col_connection */;

--
-- Final view structure for view `students`
--

/*!50001 DROP VIEW IF EXISTS `students`*/;
/*!50001 SET @saved_cs_client          = @@character_set_client */;
/*!50001 SET @saved_cs_results         = @@character_set_results */;
/*!50001 SET @saved_col_connection     = @@collation_connection */;
/*!50001 SET character_set_client      = utf8mb4 */;
/*!50001 SET character_set_results     = utf8mb4 */;
/*!50001 SET collation_connection      = utf8mb4_0900_ai_ci */;
/*!50001 CREATE ALGORITHM=UNDEFINED */
/*!50013 DEFINER=`root`@`localhost` SQL SECURITY DEFINER */
/*!50001 VIEW `students` AS select `s`.`student_id` AS `student_id`,`s`.`student_name` AS `student_name`,`c`.`class_name` AS `class_name`,`s`.`password` AS `password` from (`Students` `s` join `Classes` `c` on((`s`.`class_id` = `c`.`class_id`))) */;
/*!50001 SET character_set_client      = @saved_cs_client */;
/*!50001 SET character_set_results     = @saved_cs_results */;
/*!50001 SET collation_connection      = @saved_col_connection */;

--
-- Final view structure for view `teacher_classes`
--

/*!50001 DROP VIEW IF EXISTS `teacher_classes`*/;
/*!50001 SET @saved_cs_client          = @@character_set_client */;
/*!50001 SET @saved_cs_results         = @@character_set_results */;
/*!50001 SET @saved_col_connection     = @@collation_connection */;
/*!50001 SET character_set_client      = utf8mb4 */;
/*!50001 SET character_set_results     = utf8mb4 */;
/*!50001 SET collation_connection      = utf8mb4_0900_ai_ci */;
/*!50001 CREATE ALGORITHM=UNDEFINED */
/*!50013 DEFINER=`root`@`localhost` SQL SECURITY DEFINER */
/*!50001 VIEW `teacher_classes` AS select `t`.`teacher_name` AS `teacher_name`,`c`.`class_name` AS `class_name` from ((`TeacherClasses` `tc` join `Teachers` `t` on((`tc`.`teacher_id` = `t`.`teacher_id`))) join `Classes` `c` on((`tc`.`class_id` = `c`.`class_id`))) */;
/*!50001 SET character_set_client      = @saved_cs_client */;
/*!50001 SET character_set_results     = @saved_cs_results */;
/*!50001 SET collation_connection      = @saved_col_connection */;

--
-- Final view structure for view `teacher_counts`
--

/*!50001 DROP VIEW IF EXISTS `teacher_counts`*/;
/*!50001 SET @saved_cs_client          = @@character_set_client */;
/*!50001 SET @saved_cs_results         = @@character_set_results */;
/*!50001 SET @saved_col_connection     = @@collation_connection */;
/*!50001 SET character_set_client      = utf8mb4 */;
/*!50001 SET character_set_results     = utf8mb4 */;
/*!50001 SET collation_connection      = utf8mb4_0900_ai_ci */;
/*!50001 CREATE ALGORITHM=UNDEFINED */
/*!50013 DEFINER=`root`@`localhost` SQL SECURITY DEFINER */
/*!50001 VIEW `teacher_counts` AS select `t`.`teacher_name` AS `teacher_name`,`sub`.`subject_name` AS `subject_name`,count(`tc`.`class_id`) AS `class_count` from ((`Teachers` `t` join `Subjects` `sub` on((`t`.`subject_id` = `sub`.`subject_id`))) left join `TeacherClasses` `tc` on((`t`.`teacher_id` = `tc`.`teacher_id`))) group by `t`.`teacher_id`,`t`.`teacher_name`,`sub`.`subject_name` */;
/*!50001 SET character_set_client      = @saved_cs_client */;
/*!50001 SET character_set_results     = @saved_cs_results */;
/*!50001 SET collation_connection      = @saved_col_connection */;

--
-- Final view structure for view `teacher_performance`
--

/*!50001 DROP VIEW IF EXISTS `teacher_performance`*/;
/*!50001 SET @saved_cs_client          = @@character_set_client */;
/*!50001 SET @saved_cs_results         = @@character_set_results */;
/*!50001 SET @saved_col_connection     = @@collation_connection */;
/*!50001 SET character_set_client      = utf8mb4 */;
/*!50001 SET character_set_results     = utf8mb4 */;
/*!50001 SET collation_connection      = utf8mb4_0900_ai_ci */;
/*!50001 CREATE ALGORITHM=UNDEFINED */
/*!50013 DEFINER=`root`@`localhost` SQL SECURITY DEFINER */
/*!50001 VIEW `teacher_performance` AS select `t`.`teacher_name` AS `teacher_name`,`sub`.`subject_name` AS `subject`,`c`.`class_name` AS `class`,`et`.`exam_type_name` AS `exam_type_name`,(((sum(`sc`.`score`) - max(`sc`.`score`)) - min(`sc`.`score`)) / (count(`sc`.`score`) - 2)) AS `average_score`,max(`sc`.`score`) AS `highest_score`,min(`sc`.`score`) AS `lowest_score`,row_number() OVER (PARTITION BY `sub`.`subject_name`,`et`.`exam_type_name` ORDER BY (((sum(`sc`.`score`) - max(`sc`.`score`)) - min(`sc`.`score`)) / (count(`sc`.`score`) - 2)) desc )  AS `ranking` from ((((((`Teachers` `t` join `Subjects` `sub` on((`t`.`subject_id` = `sub`.`subject_id`))) join `TeacherClasses` `tc` on((`t`.`teacher_id` = `tc`.`teacher_id`))) join `Classes` `c` on((`tc`.`class_id` = `c`.`class_id`))) join `Students` `s` on((`c`.`class_id` = `s`.`class_id`))) join `Scores` `sc` on(((`s`.`student_id` = `sc`.`student_id`) and (`sc`.`subject_id` = `sub`.`subject_id`)))) join `ExamTypes` `et` on((`sc`.`exam_type_id` = `et`.`type_id`))) group by `t`.`teacher_name`,`sub`.`subject_name`,`c`.`class_name`,`et`.`exam_type_name` order by `sub`.`subject_name`,`et`.`exam_type_name`,`ranking` */;
/*!50001 SET character_set_client      = @saved_cs_client */;
/*!50001 SET character_set_results     = @saved_cs_results */;
/*!50001 SET collation_connection      = @saved_col_connection */;

--
-- Final view structure for view `teachers`
--

/*!50001 DROP VIEW IF EXISTS `teachers`*/;
/*!50001 SET @saved_cs_client          = @@character_set_client */;
/*!50001 SET @saved_cs_results         = @@character_set_results */;
/*!50001 SET @saved_col_connection     = @@collation_connection */;
/*!50001 SET character_set_client      = utf8mb4 */;
/*!50001 SET character_set_results     = utf8mb4 */;
/*!50001 SET collation_connection      = utf8mb4_0900_ai_ci */;
/*!50001 CREATE ALGORITHM=UNDEFINED */
/*!50013 DEFINER=`root`@`localhost` SQL SECURITY DEFINER */
/*!50001 VIEW `teachers` AS select `t`.`teacher_id` AS `teacher_id`,`t`.`teacher_name` AS `teacher_name`,`sub`.`subject_name` AS `subject_name`,`t`.`password` AS `password` from (`Teachers` `t` join `Subjects` `sub` on((`t`.`subject_id` = `sub`.`subject_id`))) */;
/*!50001 SET character_set_client      = @saved_cs_client */;
/*!50001 SET character_set_results     = @saved_cs_results */;
/*!50001 SET collation_connection      = @saved_col_connection */;

--
-- Final view structure for view `users`
--

/*!50001 DROP VIEW IF EXISTS `users`*/;
/*!50001 SET @saved_cs_client          = @@character_set_client */;
/*!50001 SET @saved_cs_results         = @@character_set_results */;
/*!50001 SET @saved_col_connection     = @@collation_connection */;
/*!50001 SET character_set_client      = utf8mb4 */;
/*!50001 SET character_set_results     = utf8mb4 */;
/*!50001 SET collation_connection      = utf8mb4_0900_ai_ci */;
/*!50001 CREATE ALGORITHM=UNDEFINED */
/*!50013 DEFINER=`root`@`localhost` SQL SECURITY DEFINER */
/*!50001 VIEW `users` AS select `students`.`student_id` AS `user_id`,`students`.`student_name` AS `user_name`,`students`.`password` AS `password`,'student' AS `role` from `students` union all select `teachers`.`teacher_id` AS `user_id`,`teachers`.`teacher_name` AS `user_name`,`teachers`.`password` AS `password`,'teacher' AS `role` from `teachers` union all select 'admin' AS `user_id`,'admin' AS `user_name`,'admin' AS `password`,'admin' AS `role` */;
/*!50001 SET character_set_client      = @saved_cs_client */;
/*!50001 SET character_set_results     = @saved_cs_results */;
/*!50001 SET collation_connection      = @saved_col_connection */;
/*!40103 SET TIME_ZONE=@OLD_TIME_ZONE */;

/*!40101 SET SQL_MODE=@OLD_SQL_MODE */;
/*!40014 SET FOREIGN_KEY_CHECKS=@OLD_FOREIGN_KEY_CHECKS */;
/*!40014 SET UNIQUE_CHECKS=@OLD_UNIQUE_CHECKS */;
/*!40101 SET CHARACTER_SET_CLIENT=@OLD_CHARACTER_SET_CLIENT */;
/*!40101 SET CHARACTER_SET_RESULTS=@OLD_CHARACTER_SET_RESULTS */;
/*!40101 SET COLLATION_CONNECTION=@OLD_COLLATION_CONNECTION */;
/*!40111 SET SQL_NOTES=@OLD_SQL_NOTES */;

-- Dump completed on 2025-08-23 22:32:35
